"Name","TID","InfoTID","IconSWF","IconExportName","UnlockedDefault","CompatibleGfx","AddLayers","RemoveLayers","MaterialNameFilter","MaterialDiffuseTex","MaterialColorize","MaterialEmission"
"String","String","String","String","String","boolean","String","String","String","String","String","int","int"
"carolina_costume_santa_00","TID_OUTFIT_NAME_SANTA_COSTUME","TID_OUTFIT_NAME_SANTA_COSTUME_INFO","sc/ui.sc","default_outfit_festive_female",,"villager_carolina",,,"char_carolina_clothing_mat","sc3d/char_carolina_skin_1_diff.pvr",16777215,16777215
"carolina_costume_wedding_00","TID_OUTFIT_NAME_WEDDING_COSTUME","TID_OUTFIT_NAME_WEDDING_COSTUME_INFO","sc/ui.sc","default_outfit_festive_female",,"villager_carolina","wedding_costume_00","_hair_??_top_",,,,
,,,,"default_outfit_festive_male",,,,"outfit_",,,,
"karl_color_0","TID_OUTFIT_COLOR_NAME_0","TID_OUTFIT_COLOR_NAME_0_INFO","sc/ui.sc","default_outfit_yellow_male","true","villager_karl",,,"_pants_color",,6986736,49
,,,,,,,,,"_color2|_gloves|_bracelets_color",,1942470,16025
,,,,,,,,,"_shoes_color",,2500258,1539784
,,,,,,,,,"_hood",,51967,11366
,,,,,,,,,"_shirt_color2|_02_shirt|02_skirt|_shirt_color2|06_sleeves_color|_sleeves_color|_shirt_color2|06_shirt_color2",,10132194,6391439
,,,,,,,,,"_skirt_color|_shirt_color1|06_skirt_color",,34751,802660
,,,,,,,,,"06_shirt_color2",,16777215,6333399
,,,,,,,,,"_skirt_color2",,16777215,6006988
"karl_color_1","TID_OUTFIT_COLOR_NAME_1","TID_OUTFIT_COLOR_NAME_1_INFO","sc/ui.sc","default_outfit_blue_male","true","villager_karl",,,"_hood",,13852160,10764820
,,,,,,,,,"_color2|_gloves|_bracelets_color",,13859398,8473651
,,,,,,,,,"_pants_color",,16748544,1578774
,,,,,,,,,"_shoes_color",,11562013,4862767
,,,,,,,,,"_shirt_color2|_02_shirt|02_skirt|_shirt_color2|06_sleeves_color|_sleeves_color|_shirt_color2|06_shirt_color2",,15855081,11431245
,,,,,,,,,"_skirt_color|_shirt_color1|06_skirt_color",,14860902,7681796
,,,,,,,,,"06_shirt_color2",,16310461,12289618
,,,,,,,,,"_skirt_color2",,15656156,9003856
"karl_color_2","TID_OUTFIT_COLOR_NAME_2","TID_OUTFIT_COLOR_NAME_2_INFO","sc/ui.sc","default_outfit_pink_male","true","villager_karl",,,"_pants_color",,6184598,5833090
,,,,,,,,,"_color2|_gloves|_bracelets_color",,10367051,5584758
,,,,,,,,,"_shoes_color",,3026489,4071499
,,,,,,,,,"_skirt_color|_shirt_color1|06_skirt_color",,16434943,3997790
,,,,,,,,,"_shirt_color2|_02_shirt|02_skirt|_shirt_color2|06_sleeves_color|_sleeves_color|_shirt_color2|06_shirt_color2",,15000831,12935901
,,,,,,,,,"_hood",,4795515,3867767
,,,,,,,,,"06_shirt_color2",,16777215,4079204
,,,,,,,,,"_skirt_color|_shirt_color1|06_skirt_color",,16434943,3997790
,,,,,,,,,"_skirt_color2",,15592959,6250446
"karl_color_3","TID_OUTFIT_COLOR_NAME_3","TID_OUTFIT_COLOR_NAME_3_INFO","sc/ui.sc","default_outfit_grey_male","true","villager_karl",,,"_pants_color",,6118749,2500134
,,,,,,,,,"_color2|_gloves|_bracelets_color",,9342610,3158064
,,,,,,,,,"_shoes_color",,6776679,1973790
,,,,,,,,,"_shirt_color2|06_sleeves_color|_02_shirt|02_skirt|_06_shirt|06_skirt|skirt_color2|_sleeves_color",,15658734,3289651
,,,,,,,,,"_hood",,8816263,5197647
,,,,,,,,,"_skirt_color|_shirt_color1|06_skirt_color",,11711157,328965
,,,,,,,,,"06_shirt_color2",,16777215,0
,,,,,,,,,"_skirt_color2",,10526883,6776680
"karl_color_4","TID_OUTFIT_COLOR_NAME_4","TID_OUTFIT_COLOR_NAME_4_INFO","sc/ui.sc","default_outfit_purple_male","true","villager_karl",,,"_pants_color",,16725617,3749430
,,,,,,,,,"_color2|_gloves|_bracelets_color",,592226,11425391
,,,,,,,,,"_shoes_color",,6756430,4206395
,,,,,,,,,"_shirt_color2|06_sleeves_color|_02_shirt|02_skirt|_06_shirt|06_skirt|skirt_color2|_sleeves_color",,13875662,12223896
,,,,,,,,,"_hood",,13844831,3809312
,,,,,,,,,"_skirt_color|_shirt_color1|06_skirt_color|_skirt_color1",,16231881,10428467
,,,,,,,,,"06_shirt_color2",,16711423,1381755
,,,,,,,,,"_skirt_color2",,16378865,8928850
"karl_color_5","TID_OUTFIT_COLOR_NAME_5","TID_OUTFIT_COLOR_NAME_5_INFO","sc/ui.sc","default_outfit_red_male","true","villager_karl",,,"_pants_color",,1250185,3355506
,,,,,,,,,"_color2|_gloves|_bracelets_color",,5658198,116
,,,,,,,,,"_shoes_color",,255,34
,,,,,,,,,"_shirt_color2|06_sleeves_color|_02_shirt|02_skirt|_06_shirt|06_skirt|skirt_color2|_sleeves_color",,15790333,2237043
,,,,,,,,,"_hood",,2171290,3291259
,,,,,,,,,"_skirt_color|_shirt_color1|06_skirt_color",,10329560,197490
,,,,,,,,,"06_shirt_color2",,16777215,0
,,,,,,,,,"_skirt_color2",,15395583,0
"karl_color_6","TID_OUTFIT_COLOR_NAME_6","TID_OUTFIT_COLOR_NAME_6_INFO","sc/ui.sc","default_outfit_green_male","true","villager_karl",,,"_pants_color",,3179571,1589248
,,,,,,,,,"_color2|_gloves|_bracelets_color",,4814649,867592
,,,,,,,,,"_shoes_color",,4019767,203520
,,,,,,,,,"_shirt_color2|06_sleeves_color|_02_shirt|02_skirt|_06_shirt|06_skirt|skirt_color2|_sleeves_color",,13565161,3691337
,,,,,,,,,"_hood",,6459974,1325074
,,,,,,,,,"_skirt_color|_shirt_color1|06_skirt_color",,5031227,2500134
,,,,,,,,,"06_shirt_color2",,15204338,7687
,,,,,,,,,"_skirt_color2",,16777215,3582039
"carolina_ftue",,,,,,"villager_carolina",,,"skin_ingame",,10858180,0
,,,,,,,,,"_hair_color",,3367818,922413
,,,,,,,,,"_hair_color1",,16777215,0
,,,,,,,,,"eyes_color",,10858180,0
"carolina_race1_body_01",,,,,,"villager_carolina","race1_head_geo",,"body_skin|skin_",,9157851,0
,,,,,,,"race2_eyes_geo",,,,,
"carolina_race1_body_02",,,,,,"villager_carolina","race1_head_geo",,"body_skin|skin_",,10201794,1315879
,,,,,,,"race1_eyes_geo",,"hair_02_color1_mat",,9401170,4465186
"carolina_race1_body_03",,,,,,"villager_carolina","race1_head_geo",,"body_skin|skin_",,5143203,1381654
,,,,,,,"race2_eyes_geo",,,,,
"carolina_race1_body_04",,,,,,"villager_carolina","race1_head_geo",,"body_skin|skin_",,5526652,2171178
,,,,,,,"race2_eyes_geo",,,,,
"carolina_outf_top_00",,,,,,"villager_carolina","$outfit_00_shirt_geo",,,,,
,,,,,,,"$outfit_00_sleeves_geo",,,,,
,,,,,,,"$outfit_00_shawl_geo",,,,,
"carolina_outf_top_01",,,,,,"villager_carolina","$outfit_06_shirt_geo",,,,,
,,,,,,,"outfit_01_shawl_geo",,,,,
,,,,,,,"$outfit_04_sleeves_geo",,,,,
"carolina_outf_top_02",,,,,,"villager_carolina","outfit_02_sleeves_geo",,,,,
,,,,,,,"$outfit_00_shirt_geo",,,,,
,,,,,,,"outfit_02_shawl_geo",,,,,
"carolina_outf_top_03",,,,,,"villager_carolina","$outfit_00_shirt_geo",,,,,
,,,,,,,"outfit_02_sleeves_geo",,,,,
"carolina_outf_top_04",,,,,,"villager_carolina","outfit_06_shirt_geo",,,,,
,,,,,,,"$outfit_04_sleeves_geo",,,,,
,,,,,,,"outfit_03_shawl_geo",,,,,
"carolina_outf_arm_00",,,,,,"villager_carolina","outfit_00_bracelets_geo",,,,,
"carolina_outf_arm_01",,,,,,"villager_carolina","outfit_01_gloves_geo",,,,,
"carolina_outf_arm_02",,,,,,"villager_carolina","outfit_02_bracelets_geo",,,,,
"carolina_outf_arm_03",,,,,,"villager_carolina","outfit_03_bracelet_geo",,,,,
"carolina_outf_bottom_00",,,,,,"villager_carolina","$outfit_00_shoes_geo",,,,,
,,,,,,,"outfit_00_pants_geo",,,,,
,,,,,,,"$outfit_00_belt_geo",,,,,
,,,,,,,"$outfit_00_skirt_geo",,,,,
"carolina_outf_bottom_01",,,,,,"villager_carolina","$outfit_01_shorts_geo",,,,,
,,,,,,,"$outfit_00_belt_geo",,,,,
,,,,,,,"$outfit_01_shoes_geo",,,,,
,,,,,,,"outfit_03_bag_geo",,,,,
"carolina_outf_bottom_02",,,,,,"villager_carolina","outfit_03_purse_geo",,,,,
,,,,,,,"outfit_03_belt_geo",,,,,
,,,,,,,"outfit_03_shorts_geo",,,,,
,,,,,,,"outfit_03_shoes_geo",,,,,
"carolina_outf_bottom_03",,,,,,"villager_carolina","outfit_02_shoes_geo",,,,,
,,,,,,,"$outfit_01_belt_geo",,,,,
,,,,,,,"outfit_00_shorts_geo",,,,,
"carolina_outf_bottom_04",,,,,,"villager_carolina","outfit_00_shoes_geo",,,,,
,,,,,,,"outfit_02_long_skirt_geo",,,,,
,,,,,,,"$outfit_00_belt_geo",,,,,
"carolina_outf_bottom_05",,,,,,"villager_carolina","outfit_00_shoes_geo",,,,,
,,,,,,,"outfit_00_long_skirt_geo",,,,,
,,,,,,,"$outfit_00_belt_geo",,,,,
"karl_race1_body_00",,,,,,"villager_karl","race1_head_geo",,"body_skin|skin_",,14017520,855309
,,,,,,,"race1_eyes_geo",,,,,
"karl_race1_body_01",,,,,,"villager_karl","race1_head_geo",,"body_skin|skin_",,12047087,0
,,,,,,,"race1_eyes_geo",,,,,
"karl_race1_body_02",,,,,,"villager_karl","race1_head_geo",,"body_skin|skin_",,15987711,1315860
,,,,,,,"race1_eyes_geo",,,,,
"karl_race1_body_03",,,,,,"villager_karl","race1_head_geo",,"body_skin|skin_",,8755137,855309
,,,,,,,"race1_eyes_geo",,,,,
"karl_race1_body_04",,,,,,"villager_karl","race1_head_geo",,"body_skin|skin_",,14540286,2171169
,,,,,,,"race1_eyes_geo",,,,,
"karl_outf_top_00",,,,,,"villager_karl","$outfit_00_shirt_geo",,,,,
,,,,,,,"$outfit_00_sleeves_geo",,,,,
"karl_outf_top_01",,,,,,"villager_karl","outfit_01_shirt_geo",,,,,
,,,,,,,"outfit_01_sleeves_geo",,,,,
"karl_outf_top_02",,,,,,"villager_karl","outfit_02_shirt_geo",,,,,
"karl_outf_top_03",,,,,,"villager_karl","outfit_03_shirt_geo",,,,,
,,,,,,,"outfit_03_sleeves_geo",,,,,
"karl_outf_bottom_00",,,,,,"villager_karl","$outfit_00_shoes_geo",,,,,
,,,,,,,"$outfit_00_pants_geo",,,,,
,,,,,,,"$outfit_00_skirt_geo",,,,,
,,,,,,,"$outfit_00_belt_geo",,,,,
"karl_outf_bottom_01",,,,,,"villager_karl","$outfit_00_shoes",,,,,
,,,,,,,"$outfit_01_pants",,,,,
"karl_outf_bottom_02",,,,,,"villager_karl","$outfit_02_shoes_geo",,,,,
,,,,,,,"outfit_02_skirt_geo",,,,,
,,,,,,,"outfit_02_pants_geo",,,,,
"karl_outf_bottom_03",,,,,,"villager_karl","$outfit_03_shoes",,,,,
,,,,,,,"outfit_03_skirt_geo",,,,,
,,,,,,,"$outfit_00_pants_geo",,,,,
"karl_outf_arm_00",,,,,,"villager_karl","outfit_00_bracelets_geo",,,,,
"karl_outf_arm_01",,,,,,"villager_karl","outfit_02_bracelets_geo",,,,,
"karl_outf_arm_02",,,,,,"villager_karl","outfit_03_bracelets_geo",,,,,
"spirit_earpuff_00",,,,,,"spirit_earpuff","poof01Geo",,"earpuff_01","sc3d/char_earpuff_01_diff.pvr",16777215,0
"spirit_earpuff_01",,,,,,"spirit_earpuff","poof02Geo",,"earpuff_01","sc3d/char_earpuff_02_diff.pvr",16777215,0
"carolina_body_FTUE",,,,,,"villager_carolina","race1_head_geo",,"body_skin|skin_",,10398690,0
,,,,,,,"race2_eyes_geo",,"hair_00_color1_mat",,5131954,1908024
,,,,,,,"race1_hair_00_top_geo",,,,,
,,,,,,,"race1_hair_00_bottom_geo",,,,,
"karl_outf_belt_00",,,,,,"villager_karl","$outfit_00_belt_geo",,,,,
"karl_outf_belt_01",,,,,,"villager_karl","$outfit_02_belt_geo",,,,,
"karl_outf_belt_02",,,,,,"villager_karl","$outfit_03_belt_geo",,,,,
"karl_outf_belt_03",,,,,,"villager_karl","$outfit_04_belt_geo",,,,,
"eye_color_blue",,,,,,"villager_carolina",,,"$eyes_","sc3d/eye_blue.pvr",16777215,0
,,,,,,"villager_karl",,,,,,
"eye_color_green",,,,,,"villager_carolina",,,"$eyes_","sc3d/eye_green.pvr",16777215,0
,,,,,,"villager_karl",,,,,,
"eye_color_dark_brown",,,,,,"villager_carolina",,,"$eyes_","sc3d/eye_dark_brown.pvr",16777215,0
,,,,,,"villager_karl",,,,,,
"eye_color_light_brown",,,,,,"villager_carolina",,,"$eyes_","sc3d/eye_light_brown.pvr",16777215,0
,,,,,,"villager_karl",,,,,,
"carolina_color_0","TID_OUTFIT_COLOR_NAME_0","TID_OUTFIT_COLOR_NAME_0_INFO","sc/ui.sc","default_outfit_yellow_female","true","villager_carolina",,,"_pants_color",,3765912,71
,,,,"default_outfit_yellow_male",,,,,"_shawl_color1",,3947701,31379
,,,,,,,,,"_color2|_gloves|_bracelet_color|_shawl_color2",,1160698,26350
,,,,,,,,,"_bag_color",,44031,2045098
,,,,,,,,,"_shoes_color",,41958,15207
,,,,,,,,,"_skirt_color|_shirt_color1",,60159,1650130
,,,,,,,,,"_shirt_color2|_sleeves_color1|_shirt_color1|_skirt_color2|02_sleeves_color2",,7133951,5884671
,,,,,,,,,"00_shirt_color1_|00_sleeves_color1|05_shirt_color1_|02_sleeves_color1|07_shirt_color1|04_shirt_color1|02_sleeves_color1",,65535,1650130
"carolina_color_1","TID_OUTFIT_COLOR_NAME_1","TID_OUTFIT_COLOR_NAME_1_INFO","sc/ui.sc","default_outfit_blue_female","true","villager_carolina",,,"_bag_color",,13859398,8473651
,,,,"default_outfit_blue_male",,,,,"_shawl_color1",,16748544,4533527
,,,,,,,,,"_color2|_gloves|_bracelet_color|_shawl_color2",,15107346,13802607
,,,,,,,,,"_pants_color",,12870144,5259318
,,,,,,,,,"_shoes_color",,10903323,4996927
,,,,,,,,,"_skirt_color|_shirt_color1",,16739343,13341272
,,,,,,,,,"_shirt_color2|_sleeves_color1|_shirt_color1|_skirt_color2|02_sleeves_color2",,11838587,13351797
,,,,,,,,,"00_shirt_color1_|00_sleeves_color1|05_shirt_color1_|02_sleeves_color1|07_shirt_color1|04_shirt_color1|02_sleeves_color1",,13783040,13341272
,,,,,,,,,"02_skirt_color1_|long_skirt_color",,16741647,7229248
"carolina_color_2","TID_OUTFIT_COLOR_NAME_2","TID_OUTFIT_COLOR_NAME_2_INFO","sc/ui.sc","default_outfit_pink_female","true","villager_carolina",,,"_bag_color",,10315519,3867767
,,,,"default_outfit_pink_male",,,,,"_shawl_color",,14851071,8323265
,,,,,,,,,"_color2|_gloves|_bracelet_color",,6974138,7405744
,,,,,,,,,"_pants_color",,13270015,2293834
,,,,,,,,,"_shoes_color",,11873733,1250132
,,,,,,,,,"_skirt_color|_shirt_color1",,11711200,7287416
,,,,,,,,,"_shirt_color2|_sleeves_color1|_shirt_color1|_skirt_color2|02_sleeves_color2",,11873733,13816530
,,,,,,,,,"00_shirt_color1_|00_sleeves_color1|05_shirt_color1_|02_sleeves_color1|07_shirt_color1|04_shirt_color1|02_sleeves_color1|_shawl_color2",,11711200,7287416
,,,,,,,,,"02_skirt_color1_|long_skirt_color",,9192836,10429580
"carolina_color_3","TID_OUTFIT_COLOR_NAME_3","TID_OUTFIT_COLOR_NAME_3_INFO","sc/ui.sc","default_outfit_grey_female","true","villager_carolina",,,"_bag_color",,8355711,6250335
,,,,"default_outfit_grey_male",,,,,"_shawl_color1",,9342610,4802889
,,,,,,,,,"_color2|_gloves|_bracelets_color|_shawl_color2",,10658466,7763574
,,,,,,,,,"_bag_color1_",,11711157,7105644
,,,,,,,,,"_shoes_color",,7697788,3289651
,,,,,,,,,"_skirt_color|_shirt_color1",,8816263,5197647
,,,,,,,,,"_shirt_color2|_sleeves_color1|_shirt_color1|_skirt_color2|02_sleeves_color2",,8816262,7960953
,,,,,,,,,"00_shirt_color1_|00_sleeves_color1|05_shirt_color1_|02_sleeves_color1|07_shirt_color1|04_shirt_color1|02_sleeves_color1",,8816263,5197647
,,,,,,,,,"02_skirt_color1_|long_skirt_color",,11579568,0
"carolina_color_4","TID_OUTFIT_COLOR_NAME_4","TID_OUTFIT_COLOR_NAME_4_INFO","sc/ui.sc","default_outfit_purple_female","true","villager_carolina",,,"_bag_color",,16711749,16740231
,,,,"default_outfit_purple_male",,,,,"_shawl_color1",,16415895,9586760
,,,,,,,,,"_color2|_gloves|_bracelet_color|_shawl_color2",,7023429,12419989
,,,,,,,,,"_pants_color",,16415895,3809312
,,,,,,,,,"_shoes_color",,8335173,6502194
,,,,,,,,,"_skirt_color|_shirt_color1",,12558754,9128036
,,,,,,,,,"_shirt_color2|_sleeves_color1|_shirt_color1|_skirt_color2|02_sleeves_color2",,16766943,9128036
,,,,,,,,,"00_shirt_color1_|00_sleeves_color1|05_shirt_color1_|02_sleeves_color1|07_shirt_color1|04_shirt_color1|02_sleeves_color1|_shawl_color2",,12558754,9128036
,,,,,,,,,"02_skirt_color1_|long_skirt_color",,12337501,3878704
"carolina_color_5","TID_OUTFIT_COLOR_NAME_5","TID_OUTFIT_COLOR_NAME_5_INFO","sc/ui.sc","default_outfit_red_female","true","villager_carolina",,,"_bag_color",,9342671,116
,,,,"default_outfit_red_male",,,,,"_shawl_color1",,4408319,2829162
,,,,,,,,,"_pants_color",,5855590,123
,,,,,,,,,"_color2|_gloves|_bracelet_color|_shawl_color2",,5592529,2302882
,,,,,,,,,"_shoes_color",,5263440,1842303
,,,,,,,,,"_skirt_color|_shirt_color1|_shawl_color2",,11908607,2763519
,,,,,,,,,"_shirt_color2|_sleeves_color1|_shirt_color1|_skirt_color2|02_sleeves_color2",,13816554,4210943
,,,,,,,,,"00_shirt_color1_|00_sleeves_color1|05_shirt_color1_|02_sleeves_color1|07_shirt_color1|04_shirt_color1|02_sleeves_color1",,11908607,2763519
,,,,,,,,,"02_skirt_color1_|long_skirt_color",,921272,5131966
"carolina_color_6","TID_OUTFIT_COLOR_NAME_6","TID_OUTFIT_COLOR_NAME_6_INFO","sc/ui.sc","default_outfit_green_female","true","villager_carolina",,,"_bag_color",,5174684,608521
,,,,,,,,,"_shawl_color1",,7598252,1001486
,,,,,,,,,"_color2|_gloves|bracelet_color1",,2478946,4742479
,,,,,,,,,"_pants_color",,6794080,1781784
,,,,,,,,,"_shoes_color",,1011495,4418377
,,,,,,,,,"_skirt_color|_shirt_color1",,9887392,2122285
,,,,,,,,,"_shirt_color2|_sleeves_color1|_shirt_color1|_skirt_color2|02_sleeves_color2|_shawl_color2",,5739616,9232026
,,,,,,,,,"00_shirt_color1_|00_sleeves_color1|05_shirt_color1_|02_sleeves_color1|07_shirt_color1|04_shirt_color1|02_sleeves_color1",,9887392,2122285
,,,,,,,,,"02_skirt_color1_|long_skirt_color",,6786104,2570016
"carolina_race2_body_00",,,,,,"villager_carolina","race2_head_geo",,"body_skin|skin_",,3426677,1256290
,,,,,,,"race2_eyes_geo",,"eybrow_02_mat",,1448742,2169634
"carolina_race2_body_01",,,,,,"villager_carolina","race2_head_geo",,"body_skin|skin_",,2565985,4144964
,,,,,,,"race2_eyes_geo",,"eybrow_02_mat",,2368594,1250082
"carolina_race2_body_02",,,,,,"villager_carolina","race2_head_geo",,"body_skin|skin_",,3295337,2571098
,,,,,,,"race2_eyes_geo",,"hair_02_color1_mat",,10388532,3418397
,,,,,,,,,"eybrow_02_mat",,1381678,4406597
"carolina_race2_body_03",,,,,,"villager_carolina","race2_head_geo",,"body_skin|skin_",,2565972,2236970
,,,,,,,"race2_eyes_geo",,"eybrow_02_mat",,263207,2039608
"carolina_race2_body_04",,,,,,"villager_carolina","race2_head_geo",,"body_skin|skin_",,3684436,2500141
,,,,,,,"race2_eyes_geo",,"eybrow_02_mat",,1644903,1842208
"carolina_race3_body_00",,,,,,"villager_carolina","race3_head_geo",,"body_skin|skin_",,8026794,1184274
,,,,,,,"race3_eyes_geo",,"hair_00_color1_mat",,394764,4015691
,,,,,,,,,"eybrow_03_mat",,2105426,1447460
"carolina_race3_body_01",,,,,,"villager_carolina","race3_head_geo",,"body_skin|skin_",,14013951,2039586
,,,,,,,"race3_eyes_geo",,"eybrow_03_mat",,1250209,3092277
"carolina_race3_body_02",,,,,,"villager_carolina","race3_head_geo",,"body_skin|skin_",,7442616,1184274
,,,,,,,"race3_eyes_geo",,"eybrow_03_mat",,7280453,3288626
"carolina_race3_body_03",,,,,,"villager_carolina","race3_head_geo",,"body_skin|skin_",,10263740,2960709
,,,,,,,"race3_eyes_geo",,,,,
"carolina_race3_body_04",,,,,,"villager_carolina","race3_head_geo",,"body_skin|skin_",,14013951,1184274
,,,,,,,"race3_eyes_geo",,"hair_04_color1_mat",,8421518,3280141
"karl_race2_body_00",,,,,,"villager_karl","race2_head_geo",,"body_skin|skin_",,6381968,2829100
,,,,,,,"race2_eyes_geo",,,,,
"karl_race2_body_01",,,,,,"villager_karl","race2_head_geo",,"body_skin|skin_",,4807037,723723
,,,,,,,"race2_eyes_geo",,,,,
"karl_race2_body_02",,,,,,"villager_karl","race2_head_geo",,"body_skin|skin_",,3355472,3487038
,,,,,,,"race2_eyes_geo",,,,,
"karl_race2_body_03",,,,,,"villager_karl","race2_head_geo",,"body_skin|skin_",,2055829,3684408
,,,,,,,"race2_eyes_geo",,,,,
"karl_race2_body_04",,,,,,"villager_karl","race2_head_geo",,"body_skin|skin_",,3295321,1909284
,,,,,,,"race2_eyes_geo",,,,,
"karl_race3_body_00",,,,,,"villager_karl","race3_head_geo",,"body_skin|skin_",,15987711,855309
,,,,,,,"race3_eyes_geo",,,,,
"karl_race3_body_01",,,,,,"villager_karl","race3_head_geo",,"body_skin|skin_",,6587011,3422822
,,,,,,,"race3_eyes_geo",,,,,
"karl_race3_body_02",,,,,,"villager_karl","race3_head_geo",,"body_skin|skin_",,9079463,1052697
,,,,,,,"race3_eyes_geo",,,,,
"karl_race3_body_03",,,,,,"villager_karl","race3_head_geo",,"body_skin|skin_",,6184581,855309
,,,,,,,"race3_eyes_geo",,,,,
"karl_race3_body_04",,,,,,"villager_karl","race3_head_geo",,"body_skin|skin_",,10724287,855309
,,,,,,,"race3_eyes_geo",,,,,
"carolina_outf_top_05",,,,,,"villager_carolina","outfit_04_shirt_geo",,,,,
,,,,,,,"outfit_04_sleeves_geo",,,,,
,,,,,,,"outfit_04_shawl_geo",,,,,
"carolina_outf_top_06",,,,,,"villager_carolina","outfit_05_shirt_geo",,,,,
"carolina_outf_top_07",,,,,,"villager_carolina","outfit_06_shirt_geo",,,,,
,,,,,,,"outfit_06_shawl_geo",,,,,
,,,,,,,"outfit_06_sleeves_geo",,,,,
"carolina_outf_top_08",,,,,,"villager_carolina","outfit_07_shirt_geo",,,,,
,,,,,,,"outfit_07_sleeves_geo",,,,,
"carolina_outf_top_09",,,,,,"villager_carolina","$outfit_06_shirt_geo",,,,,
,,,,,,,"$outfit_04_sleeves_geo",,,,,
,,,,,,,"outfit_03_shawl_geo",,,,,
"carolina_outf_top_10",,,,,,"villager_carolina","outfit_07_shirt_geo",,,,,
,,,,,,,"$outfit_06_sleeves_geo",,,,,
"carolina_outf_top_11",,,,,,"villager_carolina","$outfit_04_shirt_geo",,,,,
,,,,,,,"$outfit_07_sleeves_geo",,,,,
"carolina_outf_top_12",,,,,,"villager_carolina","outfit_04_shirt_geo",,,,,
,,,,,,,"$outfit_05_sleeves_geo",,,,,
"carolina_outf_top_13",,,,,,"villager_carolina","outfit_06_shirt_geo",,,,,
,,,,,,,"outfit_04_sleeves_geo",,,,,
,,,,,,,"outfit_01_shawl_geo",,,,,
"carolina_outf_top_14",,,,,,"villager_carolina","outfit_07_shirt_geo",,,,,
,,,,,,,"$outfit_07_sleeves_geo",,,,,
"carolina_outf_top_15",,,,,,"villager_carolina","outfit_07_shirt_geo",,,,,
,,,,,,,"$outfit_05_sleeves_geo",,,,,
,,,,,,,"outfit_02_shawl_geo",,,,,
"karl_outf_top_04",,,,,,"villager_karl","outfit_04_shirt_geo",,,,,
,,,,,,,"outfit_04_sleeves_geo",,,,,
"karl_outf_top_05",,,,,,"villager_karl","outfit_05_shirt_geo",,,,,
,,,,,,,"outfit_05_sleeves_geo",,,,,
"karl_outf_top_06",,,,,,"villager_karl","outfit_06_shirt_geo",,,,,
,,,,,,,"outfit_06_sleeves",,,,,
,,,,,,,"outfit_06_hood_geo",,,,,
"karl_outf_top_07",,,,,,"villager_karl","outfit_07_shirt_geo",,,,,
,,,,,,,"outfit_07_sleeves",,,,,
"karl_outf_top_08",,,,,,"villager_karl","$outfit_06_shirt_geo",,,,,
"karl_outf_top_09",,,,,,"villager_karl","outfit_07_shirt_geo",,,,,
,,,,,,,"outfit_05_sleeves_geo",,,,,
"karl_outf_top_10",,,,,,"villager_karl","outfit_06_shirt_geo",,,,,
,,,,,,,"$outfit_07_sleeves",,,,,
"karl_outf_top_11",,,,,,"villager_karl","outfit_03_shirt_geo",,,,,
,,,,,,,"$outfit_01_sleeves",,,,,
"karl_outf_top_12",,,,,,"villager_karl","outfit_07_shirt_geo",,,,,
,,,,,,,"$outfit_01_sleeves",,,,,
"karl_outf_top_13",,,,,,"villager_karl","outfit_06_shirt_geo",,,,,
,,,,,,,"$outfit_00_sleeves",,,,,
,,,,,,,"outfit_06_hood_geo",,,,,
"karl_outf_top_14",,,,,,"villager_karl","outfit_01_shirt_geo",,,,,
,,,,,,,"outfit_04_sleeves",,,,,
"karl_outf_top_15",,,,,,"villager_karl","outfit_03_shirt_geo",,,,,
,,,,,,,"outfit_01_sleeves",,,,,
"carolina_outf_bottom_06",,,,,,"villager_carolina","outfit_04_shoes_geo",,,,,
,,,,,,,"outfit_04_pants_geo",,,,,
,,,,,,,"outfit_04_belt_geo",,,,,
,,,,,,,"outfit_04_bag_geo",,,,,
"carolina_outf_bottom_07",,,,,,"villager_carolina","outfit_05_shoes_geo",,,,,
,,,,,,,"outfit_05_pants_geo",,,,,
,,,,,,,"outfit_05_belt_geo",,,,,
,,,,,,,"outfit_05_skirt_geo",,,,,
"carolina_outf_bottom_08",,,,,,"villager_carolina","$outfit_00_belt_geo",,,,,
,,,,,,,"outfit_06_shorts_geo",,,,,
,,,,,,,"$outfit_06_shoes_geo",,,,,
"carolina_outf_bottom_09",,,,,,"villager_carolina","outfit_07_shoes_geo",,,,,
,,,,,,,"outfit_07_long_skirt_geo",,,,,
,,,,,,,"outfit_07_belt_geo",,,,,
"carolina_outf_bottom_10",,,,,,"villager_carolina","$outfit_00_shoes_geo",,,,,
,,,,,,,"outfit_02_long_skirt_geo",,,,,
,,,,,,,"$outfit_00_belt_geo",,,,,
"carolina_outf_bottom_11",,,,,,"villager_carolina","outfit_05_shoes_geo",,,,,
,,,,,,,"outfit_01_belt_geo",,,,,
,,,,,,,"outfit_05_skirt_geo",,,,,
,,,,,,,"outfit_04_pants_geo",,,,,
"carolina_outf_bottom_12",,,,,,"villager_carolina","outfit_02_shoes_geo",,,,,
,,,,,,,"outfit_00_shorts_geo",,,,,
,,,,,,,"outfit_07_belt_geo",,,,,
"carolina_outf_bottom_13",,,,,,"villager_carolina","outfit_06_shoes_geo",,,,,
,,,,,,,"outfit_00_long_skirt_geo",,,,,
,,,,,,,"outfit_04_belt_geo",,,,,
"carolina_outf_bottom_14",,,,,,"villager_carolina","outfit_04_shoes_geo",,,,,
,,,,,,,"outfit_01_shorts_geo",,,,,
,,,,,,,"$outfit_00_belt_geo",,,,,
,,,,,,,"outfit_03_bag_geo",,,,,
"carolina_outf_bottom_15",,,,,,"villager_carolina","outfit_06_shoes_geo",,,,,
,,,,,,,"outfit_07_long_skirt_geo",,,,,
,,,,,,,"$outfit_00_belt_geo",,,,,
"karl_outf_bottom_04",,,,,,"villager_karl","outfit_04_skirt_geo",,,,,
,,,,,,,"outfit_04_pants_geo",,,,,
,,,,,,,"outfit_04_shoes_geo",,,,,
"karl_outf_bottom_05",,,,,,"villager_karl","outfit_05_shoes_geo",,,,,
,,,,,,,"outfit_05_pants_geo",,,,,
,,,,,,,"outfit_05_skirt_geo",,,,,
"karl_outf_bottom_06",,,,,,"villager_karl","outfit_06_shoes_geo",,,,,
,,,,,,,"outfit_06_pants_geo",,,,,
,,,,,,,"outfit_06_skirt_geo",,,,,
"karl_outf_bottom_07",,,,,,"villager_karl","outfit_07_shoes_geo",,,,,
,,,,,,,"outfit_07_pants_geo",,,,,
,,,,,,,"outfit_04_skirt_geo",,,,,
"karl_outf_bottom_08",,,,,,"villager_karl","$outfit_01_shoes",,,,,
,,,,,,,"outfit_03_pants_geo",,,,,
,,,,,,,"outfit_02_skirt_geo",,,,,
"karl_outf_bottom_09",,,,,,"villager_karl","$outfit_02_shoes",,,,,
,,,,,,,"outfit_06_shoes_geo",,,,,
,,,,,,,"outfit_06_pants_geo",,,,,
"karl_outf_bottom_10",,,,,,"villager_karl","$outfit_00_shoes",,,,,
,,,,,,,"outfit_01_pants_geo",,,,,
,,,,,,,"outfit_02_skirt_geo",,,,,
"karl_outf_bottom_11",,,,,,"villager_karl","$outfit_02_shoes",,,,,
"karl_outf_bottom_12",,,,,,"villager_karl","$outfit_00_shoes",,,,,
,,,,,,,"outfit_04_pants_geo",,,,,
,,,,,,,"$outfit_04_skirt_geo",,,,,
"karl_outf_bottom_13",,,,,,"villager_karl","outfit_03_pants_geo",,,,,
,,,,,,,"outfit_06_shoes_geo",,,,,
,,,,,,,"outfit_02_skirt_geo",,,,,
"karl_outf_bottom_14",,,,,,"villager_karl","$outfit_06_shoes",,,,,
,,,,,,,"$outfit_05_pants_geo",,,,,
,,,,,,,"outfit_05_skirt_geo",,,,,
"karl_outf_bottom_15",,,,,,"villager_karl","$outfit_07_shoes",,,,,
,,,,,,,"outfit_06_skirt_geo",,,,,
,,,,,,,"$outfit_00_pants_geo",,,,,
"carolina_outf_arm_04",,,,,,"villager_carolina","outfit_04_gloves_geo",,,,,
"carolina_outf_arm_05",,,,,,"villager_carolina","outfit_05_braclets_geo",,,,,
"carolina_outf_arm_06",,,,,,"villager_carolina","outfit_06_bracelets_geo",,,,,
"carolina_outf_arm_07",,,,,,"villager_carolina","outfit_07_bracelets_geo",,,,,
"carolina_outf_arm_08",,,,,,"villager_carolina","outfit_06_bracelets_geo",,,,,
"karl_outf_arm_03",,,,,,"villager_karl","outfit_04_gloves_geo",,,,,
"karl_outf_arm_04",,,,,,"villager_karl","outfit_05_gloves_geo",,,,,
"karl_outf_arm_05",,,,,,"villager_karl","outfit_07_bracelets_geo",,,,,
"karl_outf_arm_06",,,,,,"villager_karl","outfit_07_bracelets_geo",,,,,
"carolina_outf_bag_00",,,,,,"villager_carolina","outfit_01_bag_geo",,,,,
"carolina_outf_bag_01",,,,,,"villager_carolina","outfit_02_bag_geo",,,,,
"carolina_outf_bag_02",,,,,,"villager_carolina","outfit_03_bag_geo",,,,,
"carolina_outf_bag_03",,,,,,"villager_carolina","outfit_03_bag_geo",,,,,
"carolina_race1_hair_00",,,,,,"villager_carolina","race1_hair_00_top_geo",,"race1_hair_00_color1_mat",,1250140,3816043
,,,,,,,"race1_hair_00_bottom_geo",,,,,
"carolina_race1_hair_01",,,,,,"villager_carolina","race1_hair_01_top_geo",,"race1_hair_01_color1_mat",,2631754,2368586
,,,,,,,"race1_hair_01_bottom_geo",,,,,
"carolina_race1_hair_02",,,,,,"villager_carolina","race1_hair_02_top_geo",,"race1_hair_02_color1_mat",,9401170,4465186
,,,,,,,"race1_hair_02_bottom_geo",,,,,
"carolina_race1_hair_03",,,,,,"villager_carolina","race1_hair_03_top_geo",,"race1_hair_03_color1_mat",,5126714,3026480
,,,,,,,"race1_hair_03_bottom_geo",,,,,
"carolina_race1_hair_04",,,,,,"villager_carolina","race1_hair_04_top_geo",,"hair_04_color1_mat",,6433132,1579052
,,,,,,,"race1_hair_04_bottom_geo",,,,,
"carolina_race2_hair_00",,,,,,"villager_carolina","race2_hair_00_top_geo",,"hair_00_color1_mat",,3289665,2105897
,,,,,,,"race2_hair_00_bottom_geo",,,,,
"carolina_race2_hair_01",,,,,,"villager_carolina","race2_hair_01_top_geo",,"hair_01_color1_mat",,1055521,2763823
,,,,,,,"race2_hair_01_bottom_geo",,,,,
"carolina_race2_hair_02",,,,,,"villager_carolina","race2_hair_02_top_geo",,"hair_02_color1_mat",,2894889,3418397
,,,,,,,"race2_hair_02_bottom_geo",,,,,
"carolina_race2_hair_03",,,,,,"villager_carolina","race2_hair_03_top_geo",,"hair_03_color1_mat",,3684533,661806
,,,,,,,"race2_hair_03_bottom_geo",,,,,
"carolina_race2_hair_04",,,,,,"villager_carolina","race2_hair_04_top_geo",,"hair_04_color1_mat",,5376308,2039608
,,,,,,,"race2_hair_04_bottom_geo",,,,,
"carolina_race3_hair_00",,,,,,"villager_carolina","race3_hair_00_top_geo",,"hair_00_color1_mat",,921110,2368548
,,,,,,,"race3_hair_00_bottom_geo",,,,,
"carolina_race3_hair_01",,,,,,"villager_carolina","race3_hair_01_top_geo",,"hair_01_color1_mat",,4802928,2893609
,,,,,,,"race3_hair_01_bottom_geo",,,,,
"carolina_race3_hair_02",,,,,,"villager_carolina","race3_hair_02_top_geo",,"hair_02_color1_mat",,3288619,2893356
,,,,,,,"race3_hair_02_bottom_geo",,,,,
"carolina_race3_hair_03",,,,,,"villager_carolina","race3_hair_03_top_geo",,"hair_03_color1_mat",,4134505,2894892
,,,,,,,"race3_hair_03_bottom_geo",,,,,
"carolina_race3_hair_04",,,,,,"villager_carolina","race3_hair_04_top_geo",,"hair_04_color1_mat",,3421238,2497299
,,,,,,,"race3_hair_04_bottom_geo",,,,,
"karl_race1_hair_00",,,,,,"villager_karl","race1_hair_00_top_geo",,"race1_hair_00_color1_mat",,864120,3227981
,,,,,,,"race1_hair_00_bottom_geo",,,,,
"karl_race1_hair_01",,,,,,"villager_karl","race1_hair_01_top_geo",,"race1_hair_01_color1_mat",,9342615,460552
,,,,,,,"race1_hair_01_bottom_geo",,,,,
"karl_race1_hair_02",,,,,,"villager_karl","race1_hair_02_top_geo",,"race1_hair_02_color1_mat",,54527,5469824
,,,,,,,"race1_hair_02_bottom_geo",,,,,
"karl_race1_hair_03",,,,,,"villager_karl","race1_hair_03_top_geo",,"race1_hair_03_color1_mat",,9671571,5723991
,,,,,,,"race1_hair_03_bottom_geo",,,,,
"karl_race1_hair_04",,,,,,"villager_karl","race1_hair_04_top_geo",,"race1_hair_04_color1_mat",,1579096,3750277
,,,,,,,"race1_hair_04_bottom_geo",,,,,
"karl_race2_hair_00",,,,,,"villager_karl","race2_hair_00_top_geo",,"race2_hair_00_color1_mat",,4933190,1513239
,,,,,,,"race2_hair_00_bottom_geo",,,,,
"karl_race2_hair_01",,,,,,"villager_karl","race2_hair_01_top_geo",,"race2_hair_01_color1_mat",,13421776,3092271
,,,,,,,"race2_hair_01_bottom_geo",,,,,
"karl_race2_hair_02",,,,,,"villager_karl","race2_hair_02_top_geo",,"race2_hair_02_color1_mat",,460668,1710618
,,,,,,,"race2_hair_02_bottom_geo",,,,,
"karl_race2_hair_03",,,,,,"villager_karl","race2_hair_03_top_geo",,"race2_hair_03_color1_mat",,6250336,0
,,,,,,,"race2_hair_03_bottom_geo",,,,,
"karl_race2_hair_04",,,,,,"villager_karl","race2_hair_04_top_geo",,"race2_hair_04_color1_mat",,2069937,4473954
,,,,,,,"race2_hair_04_bottom_geo",,,,,
"karl_race3_hair_00",,,,,,"villager_karl","race3_hair_00_top_geo",,"race3_hair_00_color1_mat",,9003593,1842204
,,,,,,,"race3_hair_00_bottom_geo",,,,,
"karl_race3_hair_01",,,,,,"villager_karl","race3_hair_01_top_geo",,"race3_hair_01_color1_mat",,3026531,11711154
,,,,,,,"race3_hair_01_bottom_geo",,,,,
"karl_race3_hair_02",,,,,,"villager_karl","race3_hair_02_top_geo",,"race3_hair_02_color1_mat",,1842298,2434345
,,,,,,,"race3_hair_02_bottom_geo",,,,,
"karl_race3_hair_03",,,,,,"villager_karl","race3_hair_03_top_geo",,"race3_hair_03_color1_mat",,2499605,2302777
,,,,,,,"race3_hair_03_bottom_geo",,,,,
"karl_race3_hair_04",,,,,,"villager_karl","race3_hair_04_top_geo",,"race3_hair_04_color1_mat",,10318770,0
,,,,,,,"race3_hair_04_bottom_geo",,,,,
"carolina_race1_hair_color_00",,,,,,"villager_carolina",,,,,,
"carolina_race1_hair_color_01",,,,,,"villager_carolina",,,,,,
"carolina_race1_hair_color_02",,,,,,"villager_carolina",,,,,,
"carolina_race2_hair_color_00",,,,,,"villager_carolina",,,,,,
"carolina_race2_hair_color_01",,,,,,"villager_carolina",,,,,,
"carolina_race2_hair_color_02",,,,,,"villager_carolina",,,,,,
"carolina_race3_hair_color_00",,,,,,"villager_carolina",,,,,,
"carolina_race3_hair_color_01",,,,,,"villager_carolina",,,,,,
"carolina_race3_hair_color_02",,,,,,"villager_carolina",,,,,,
"karl_race1_hair_color_00",,,,,,"villager_karl",,,,,,
"karl_race1_hair_color_01",,,,,,"villager_karl",,,,,,
"karl_race1_hair_color_02",,,,,,"villager_karl",,,,,,
"karl_race2_hair_color_00",,,,,,"villager_karl",,,,,,
"karl_race2_hair_color_01",,,,,,"villager_karl",,,,,,
"karl_race2_hair_color_02",,,,,,"villager_karl",,,,,,
"karl_race3_hair_color_00",,,,,,"villager_karl",,,,,,
"karl_race3_hair_color_01",,,,,,"villager_karl",,,,,,
"karl_race3_hair_color_02",,,,,,"villager_karl",,,,,,
"karl_outf_belt_04",,,,,,"villager_karl","$outfit_04_belt_geo",,,,,
"karl_outf_belt_05",,,,,,"villager_karl","$outfit_05_belt_geo",,,,,
"karl_outf_belt_06",,,,,,"villager_karl","$outfit_06_belt_geo",,,,,
"karl_outf_belt_07",,,,,,"villager_karl","$outfit_07_belt_geo",,,,,
"karl_costume_santa_00",,,"sc/ui.sc","custom_dummy_outfit_female_festive_01",,"villager_karl",,,"char_carolina_clothing_mat",,16777215,16777215
"karl_costume_wedding_00",,,"sc/ui.sc","custom_dummy_outfit_female_festive_01",,"villager_karl","wedding_costume_00","_hair_??_top_",,,,
,,,,,,,,"outfit_",,,,
"carolina_costume_fish_00",,,"sc/ui.sc","custom_dummy_outfit_female_fish_01",,"villager_carolina","fish_costume_00","_hair_??_top_",,,,
,,,,,,,,"outfit_",,,,
"karl_costume_fish_00",,,"sc/ui.sc","custom_dummy_outfit_female_fish_01",,"villager_karl","fish_costume_00","_hair_??_top_",,,,
,,,,,,,,"outfit_",,,,
"carolina_costume_lumberjack_00",,,"sc/ui.sc","custom_dummy_outfit_female_lumberjack_01",,"villager_carolina","lumberjack_costume_00","_hair_??_top_",,,,
,,,,,,,,"outfit_",,,,
"karl_costume_lumberjack_00",,,"sc/ui.sc","custom_dummy_outfit_female_lumberjack_01",,"villager_karl","lumberjack_costume_00","_hair_??_top_",,,,
,,,,,,,,"outfit_",,,,
"carolina_costume_pirate_00",,,"sc/ui.sc","custom_dummy_outfit_female_pirate_01",,"villager_carolina","pirate_costume_00","_hair_??_top_",,,,
,,,,,,,,"outfit_",,,,
"karl_costume_pirate_00",,,"sc/ui.sc","custom_dummy_outfit_female_pirate_01",,"villager_karl","pirate_costume_00","_hair_??_top_",,,,
,,,,,,,,"outfit_",,,,
"carolina_costume_quarrymaster_00",,,"sc/ui.sc","custom_dummy_outfit_female_quarrymaster_01",,"villager_carolina","quarrymaster_costume_00","_hair_??_top_",,,,
,,,,,,,,"outfit_",,,,
"karl_costume_quarrymaster_00",,,"sc/ui.sc","custom_dummy_outfit_female_quarrymaster_01",,"villager_karl","quarrymaster_costume_00","_hair_??_top_",,,,
,,,,,,,,"outfit_",,,,
"carolina_costume_researcher_00",,,"sc/ui.sc","custom_dummy_outfit_female_researcher_01",,"villager_carolina","researcher_costume_00","_hair_??_top_",,,,
,,,,,,,,"outfit_",,,,
"karl_costume_researcher_00",,,"sc/ui.sc","custom_dummy_outfit_female_researcher_01",,"villager_karl","researcher_costume_00","_hair_??_top_",,,,
,,,,,,,,"outfit_",,,,
"carolina_costume_rooster_00",,,"sc/ui.sc","custom_dummy_outfit_female_rooster_01",,"villager_carolina","rooster_costume_00","_hair_??_top_",,,,
,,,,,,,,"outfit_",,,,
"karl_costume_rooster_00",,,"sc/ui.sc","custom_dummy_outfit_female_rooster_01",,"villager_karl","rooster_costume_00","_hair_??_top_",,,,
,,,,,,,,"outfit_",,,,
"carolina_costume_stump_00",,,"sc/ui.sc","custom_dummy_outfit_female_stump_01",,"villager_carolina","stump_costume_00","_hair_??_top_",,,,
,,,,,,,,"outfit_",,,,
"karl_costume_stump_00",,,"sc/ui.sc","custom_dummy_outfit_female_stump_01",,"villager_karl","stump_costume_00","_hair_??_top_",,,,
,,,,,,,,"outfit_",,,,
"carolina_costume_claymaster_00",,,"sc/ui.sc","custom_dummy_outfit_female_claymaster_01",,"villager_carolina","claymaster_costume_00","_hair_??_top_",,,,
,,,,,,,,"outfit_",,,,
"karl_costume_claymaster_00",,,"sc/ui.sc","custom_dummy_outfit_female_claymaster_01",,"villager_karl","claymaster_costume_00","_hair_??_top_",,,,
,,,,,,,,"outfit_",,,,
"carolina_costume_wedding_00_color_1","TID_OUTFIT_NAME_WEDDING_COSTUME_COLOR_1","TID_OUTFIT_NAME_WEDDING_COSTUME_COLOR_1_INFO","sc/ui.sc","custom_dummy_outfit_female_festive_01",,"villager_carolina",,,"wedding_costume_00_color1",,11519,1645001
,,,,,,,,,"wedding_costume_00_color2",,7566264,8421512
"carolina_costume_wedding_00_color_2","TID_OUTFIT_NAME_WEDDING_COSTUME_COLOR_2","TID_OUTFIT_NAME_WEDDING_COSTUME_COLOR_2_INFO","sc/ui.sc","custom_dummy_outfit_female_festive_01",,"villager_carolina",,,"wedding_costume_00_color1",,16742912,5586979
,,,,,,,,,"wedding_costume_00_color2",,15842191,5592428
"carolina_costume_wedding_00_color_3","TID_OUTFIT_NAME_WEDDING_COSTUME_COLOR_3","TID_OUTFIT_NAME_WEDDING_COSTUME_COLOR_3_INFO","sc/ui.sc","custom_dummy_outfit_female_festive_01",,"villager_carolina",,,"wedding_costume_00_color1_mat",,16734464,255
,,,,,,,,,"wedding_costume_00_color2_mat",,10066355,4748708
"carolina_costume_wedding_00_color_4","TID_OUTFIT_NAME_WEDDING_COSTUME_COLOR_4","TID_OUTFIT_NAME_WEDDING_COSTUME_COLOR_4_INFO","sc/ui.sc","custom_dummy_outfit_female_festive_01",,"villager_carolina",,,"wedding_costume_00_color1",,6529553,20246
,,,,,,,,,"wedding_costume_00_color2",,15532009,2961453
"carolina_costume_fish_00_color_1","TID_OUTFIT_NAME_FISH_COSTUME_COLOR_1","TID_OUTFIT_NAME_FISH_COSTUME_COLOR_1_INFO","sc/ui.sc","custom_dummy_outfit_female_fish_01",,"villager_carolina",,,"fish_costume_00_color1",,6660127,2631680
,,,,,,,,,"fish_costume_00_color2",,16187244,0
,,,,,,,,,"fish_costume_00_color3",,9480704,2500134
"carolina_costume_fish_00_color_2","TID_OUTFIT_NAME_FISH_COSTUME_COLOR_2","TID_OUTFIT_NAME_FISH_COSTUME_COLOR_2_INFO","sc/ui.sc","custom_dummy_outfit_female_fish_01",,"villager_carolina",,,"fish_costume_00_color1",,16745198,9655925
,,,,,,,,,"fish_costume_00_color2",,14893795,4342436
,,,,,,,,,"fish_costume_00_color3",,12606619,3019566
"carolina_costume_fish_00_color_3","TID_OUTFIT_NAME_FISH_COSTUME_COLOR_3","TID_OUTFIT_NAME_FISH_COSTUME_COLOR_3_INFO","sc/ui.sc","custom_dummy_outfit_female_fish_01",,"villager_carolina",,,"fish_costume_00_color1",,47615,15413
,,,,,,,,,"fish_costume_00_color2",,5961983,65454
,,,,,,,,,"fish_costume_00_color3",,1871494,16478
"carolina_costume_fish_00_color_4","TID_OUTFIT_NAME_FISH_COSTUME_COLOR_4","TID_OUTFIT_NAME_FISH_COSTUME_COLOR_4_INFO","sc/ui.sc","custom_dummy_outfit_female_fish_01",,"villager_carolina",,,"fish_costume_00_color1",,16758016,2894892
,,,,,,,,,"fish_costume_00_color2",,16776045,7888961
,,,,,,,,,"fish_costume_00_color3",,16762203,0
"carolina_costume_lumberjack_00_color_1","TID_OUTFIT_NAME_LUMBERJACK_COSTUME_COLOR_1","TID_OUTFIT_NAME_LUMBERJACK_COSTUME_COLOR_1_INFO","sc/ui.sc","custom_dummy_outfit_female_lumberjack_01",,"villager_carolina",,,"lumberjack_costume_00_color1",,65485,255
,,,,,,,,,"lumberjack_costume_00_color2",,65534,2955
,,,,,,,,,"lumberjack_costume_00_color3",,44799,2434422
"carolina_costume_lumberjack_00_color_2","TID_OUTFIT_NAME_LUMBERJACK_COSTUME_COLOR_2","TID_OUTFIT_NAME_LUMBERJACK_COSTUME_COLOR_2_INFO","sc/ui.sc","custom_dummy_outfit_female_lumberjack_01",,"villager_carolina",,,"lumberjack_costume_00_color1",,1113986,16433
,,,,,,,,,"lumberjack_costume_00_color2",,65442,1514521
,,,,,,,,,"lumberjack_costume_00_color3",,65371,114272
"carolina_costume_lumberjack_00_color_3","TID_OUTFIT_NAME_LUMBERJACK_COSTUME_COLOR_3","TID_OUTFIT_NAME_LUMBERJACK_COSTUME_COLOR_3_INFO","sc/ui.sc","custom_dummy_outfit_female_lumberjack_01",,"villager_carolina",,,"lumberjack_costume_00_color1",,16769280,1052792
,,,,,,,,,"lumberjack_costume_00_color2",,13340201,4404004
,,,,,,,,,"lumberjack_costume_00_color3",,16501878,9383424
"carolina_costume_lumberjack_00_color_4","TID_OUTFIT_NAME_LUMBERJACK_COSTUME_COLOR_4","TID_OUTFIT_NAME_LUMBERJACK_COSTUME_COLOR_4_INFO","sc/ui.sc","custom_dummy_outfit_female_lumberjack_01",,"villager_carolina",,,"lumberjack_costume_00_color1",,3750335,4871772
,,,,,,,,,"lumberjack_costume_00_color2",,250,3092347
,,,,,,,,,"lumberjack_costume_00_color3",,5460865,1579116
"carolina_costume_pirate_00_color_1","TID_OUTFIT_NAME_PIRATE_COSTUME_COLOR_1","TID_OUTFIT_NAME_PIRATE_COSTUME_COLOR_1_INFO","sc/ui.sc","custom_dummy_outfit_female_pirate_01",,"villager_carolina",,,"pirate_costume_00_color1",,5619,4605551
,,,,,,,,,"pirate_costume_00_color2",,4934486,4144979
,,,,,,,,,"pirate_costume_00_color3",,15615,4473924
"carolina_costume_pirate_00_color_2","TID_OUTFIT_NAME_PIRATE_COSTUME_COLOR_2","TID_OUTFIT_NAME_PIRATE_COSTUME_COLOR_2_INFO","sc/ui.sc","custom_dummy_outfit_female_pirate_01",,"villager_carolina",,,"pirate_costume_00_color1",,8119638,2434341
,,,,,,,,,"pirate_costume_00_color2",,7451970,1513269
,,,,,,,,,"pirate_costume_00_color3",,2424666,2993280
"carolina_costume_pirate_00_color_3","TID_OUTFIT_NAME_PIRATE_COSTUME_COLOR_3","TID_OUTFIT_NAME_PIRATE_COSTUME_COLOR_3_INFO","sc/ui.sc","custom_dummy_outfit_female_pirate_01",,"villager_carolina",,,"pirate_costume_00_color1",,16740096,5921370
,,,,,,,,,"pirate_costume_00_color2",,12944475,2039583
,,,,,,,,,"pirate_costume_00_color3",,16762707,16753225
"carolina_costume_pirate_00_color_4","TID_OUTFIT_NAME_PIRATE_COSTUME_COLOR_4","TID_OUTFIT_NAME_PIRATE_COSTUME_COLOR_4_INFO","sc/ui.sc","custom_dummy_outfit_female_pirate_01",,"villager_carolina",,,"pirate_costume_00_color1",,2686720,255
,,,,,,,,,"pirate_costume_00_color2",,6776775,14388
,,,,,,,,,"pirate_costume_00_color3",,58879,3816082
"carolina_costume_quarrymaster_00_color_1","TID_OUTFIT_NAME_QUARRYMASTER_COSTUME_COLOR_1","TID_OUTFIT_NAME_QUARRYMASTER_COSTUME_COLOR_1_INFO","sc/ui.sc","custom_dummy_outfit_female_quarrymaster_01",,"villager_carolina",,,"quarrymaster_costume_00_color1",,1316006,3552846
,,,,,,,,,"quarrymaster_costume_00_color2",,6645130,1513260
,,,,,,,,,"quarrymaster_costume_00_color3",,11382271,255
,,,,,,,,,"quarrymaster_costume_00_color4",,255,1842250
"carolina_costume_quarrymaster_00_color_2","TID_OUTFIT_NAME_QUARRYMASTER_COSTUME_COLOR_2","TID_OUTFIT_NAME_QUARRYMASTER_COSTUME_COLOR_2_INFO","sc/ui.sc","custom_dummy_outfit_female_quarrymaster_01",,"villager_carolina",,,"quarrymaster_costume_00_color1",,3118230,77723
,,,,,,,,,"quarrymaster_costume_00_color2",,4481933,727863
,,,,,,,,,"quarrymaster_costume_00_color3",,6869247,532819
,,,,,,,,,"quarrymaster_costume_00_color4",,4550851,5675
"carolina_costume_quarrymaster_00_color_3","TID_OUTFIT_NAME_QUARRYMASTER_COSTUME_COLOR_3","TID_OUTFIT_NAME_QUARRYMASTER_COSTUME_COLOR_3_INFO","sc/ui.sc","custom_dummy_outfit_female_quarrymaster_01",,"villager_carolina",,,"quarrymaster_costume_00_color1",,1340160,5727744
,,,,,,,,,"quarrymaster_costume_00_color2",,3890466,4013373
,,,,,,,,,"quarrymaster_costume_00_color3",,9362534,1522451
,,,,,,,,,"quarrymaster_costume_00_color4",,3881728,3033870
"carolina_costume_quarrymaster_00_color_4","TID_OUTFIT_NAME_QUARRYMASTER_COSTUME_COLOR_4","TID_OUTFIT_NAME_QUARRYMASTER_COSTUME_COLOR_4_INFO","sc/ui.sc","custom_dummy_outfit_female_quarrymaster_01",,"villager_carolina",,,"quarrymaster_costume_00_color1",,13995776,5063726
,,,,,,,,,"quarrymaster_costume_00_color2",,7617847,2894889
,,,,,,,,,"quarrymaster_costume_00_color3",,16759953,6177049
,,,,,,,,,"quarrymaster_costume_00_color4",,9196843,2893604
"carolina_costume_researcher_00_color_1","TID_OUTFIT_NAME_RESEARCHER_COSTUME_COLOR_1","TID_OUTFIT_NAME_RESEARCHER_COSTUME_COLOR_1_INFO","sc/ui.sc","custom_dummy_outfit_female_researcher_01",,"villager_carolina",,,"researcher_costume_00_color1",,5903359,2763409
,,,,,,,,,"researcher_costume_00_color2",,3223857,7416424
,,,,,,,,,"researcher_costume_00_color3",,10944864,118
,,,,,,,,,"researcher_costume_00_color4",,11645399,10567284
,,,,,,,,,"researcher_costume_00_color5",,5055305,4338497
"carolina_costume_researcher_00_color_2","TID_OUTFIT_NAME_RESEARCHER_COSTUME_COLOR_2","TID_OUTFIT_NAME_RESEARCHER_COSTUME_COLOR_2_INFO","sc/ui.sc","custom_dummy_outfit_female_researcher_01",,"villager_carolina",,,"researcher_costume_00_color1",,8220204,10718018
,,,,,,,,,"researcher_costume_00_color2",,16422266,6100480
,,,,,,,,,"researcher_costume_00_color3",,8667153,5975321
,,,,,,,,,"researcher_costume_00_color4",,11302969,16772799
,,,,,,,,,"researcher_costume_00_color5",,12998912,3741696
"carolina_costume_researcher_00_color_3","TID_OUTFIT_NAME_RESEARCHER_COSTUME_COLOR_3","TID_OUTFIT_NAME_RESEARCHER_COSTUME_COLOR_3_INFO","sc/ui.sc","custom_dummy_outfit_female_researcher_01",,"villager_carolina",,,"researcher_costume_00_color1",,38122,26623
,,,,,,,,,"researcher_costume_00_color2",,866128,26623
,,,,,,,,,"researcher_costume_00_color3",,932499,1463684
,,,,,,,,,"researcher_costume_00_color4",,13364735,51455
,,,,,,,,,"researcher_costume_00_color5",,255,30448
"carolina_costume_researcher_00_color_4","TID_OUTFIT_NAME_RESEARCHER_COSTUME_COLOR_4","TID_OUTFIT_NAME_RESEARCHER_COSTUME_COLOR_4_INFO","sc/ui.sc","custom_dummy_outfit_female_researcher_01",,"villager_carolina",,,"researcher_costume_00_color1",,4120158,12816
,,,,,,,,,"researcher_costume_00_color2",,7308081,4277504
,,,,,,,,,"researcher_costume_00_color3",,7047685,4013312
,,,,,,,,,"researcher_costume_00_color4",,16773060,13938736
,,,,,,,,,"researcher_costume_00_color5",,6120244,4084480
"carolina_costume_rooster_00_color_1","TID_OUTFIT_NAME_ROOSTER_COSTUME_COLOR_1","TID_OUTFIT_NAME_ROOSTER_COSTUME_COLOR_1_INFO","sc/ui.sc","custom_dummy_outfit_female_rooster_01",,"villager_carolina",,,"rooster_costume_00_color1",,15333887,1579113
,,,,,,,,,"rooster_costume_00_color2",,1710847,15517
,,,,,,,,,"rooster_costume_00_color3",,255,2631803
"carolina_costume_rooster_00_color_2","TID_OUTFIT_NAME_ROOSTER_COSTUME_COLOR_2","TID_OUTFIT_NAME_ROOSTER_COSTUME_COLOR_2_INFO","sc/ui.sc","custom_dummy_outfit_female_rooster_01",,"villager_carolina",,,"rooster_costume_00_color1",,2201287,1723860
,,,,,,,,,"rooster_costume_00_color2",,54527,16486
,,,,,,,,,"rooster_costume_00_color3",,12799,8703
"carolina_costume_rooster_00_color_3","TID_OUTFIT_NAME_ROOSTER_COSTUME_COLOR_3","TID_OUTFIT_NAME_ROOSTER_COSTUME_COLOR_3_INFO","sc/ui.sc","custom_dummy_outfit_female_rooster_01",,"villager_carolina",,,"rooster_costume_00_color1",,1732969,149
,,,,,,,,,"rooster_costume_00_color2",,118,12697
,,,,,,,,,"rooster_costume_00_color3",,247,2368737
"carolina_costume_rooster_00_color_4","TID_OUTFIT_NAME_ROOSTER_COSTUME_COLOR_4","TID_OUTFIT_NAME_ROOSTER_COSTUME_COLOR_4_INFO","sc/ui.sc","custom_dummy_outfit_female_rooster_01",,"villager_carolina",,,"rooster_costume_00_color1",,3552840,2697513
,,,,,,,,,"rooster_costume_00_color2",,1398473,2046937
,,,,,,,,,"rooster_costume_00_color3",,5526719,139
"carolina_costume_stump_00_color_1","TID_OUTFIT_NAME_STUMP_COSTUME_COLOR_1","TID_OUTFIT_NAME_STUMP_COSTUME_COLOR_1_INFO","sc/ui.sc","custom_dummy_outfit_female_stump_01",,"villager_carolina",,,"stump_costume_00_color1",,8546389,9990156
,,,,,,,,,"stump_costume_00_color2",,16754432,2691335
,,,,,,,,,"stump_costume_00_color3",,7880197,5062697
"carolina_costume_stump_00_color_2","TID_OUTFIT_NAME_STUMP_COSTUME_COLOR_2","TID_OUTFIT_NAME_STUMP_COSTUME_COLOR_2_INFO","sc/ui.sc","custom_dummy_outfit_female_stump_01",,"villager_carolina",,,"stump_costume_00_color1",,1245001,255
,,,,,,,,,"stump_costume_00_color2",,4605608,10344
,,,,,,,,,"stump_costume_00_color3",,623359,1584818
"carolina_costume_stump_00_color_3","TID_OUTFIT_NAME_STUMP_COSTUME_COLOR_3","TID_OUTFIT_NAME_STUMP_COSTUME_COLOR_3_INFO","sc/ui.sc","custom_dummy_outfit_female_stump_01",,"villager_carolina",,,"stump_costume_00_color1",,1289043,3423033
,,,,,,,,,"stump_costume_00_color2",,2594936,2767394
,,,,,,,,,"stump_costume_00_color3",,661520,619332
"carolina_costume_stump_00_color_4","TID_OUTFIT_NAME_STUMP_COSTUME_COLOR_4","TID_OUTFIT_NAME_STUMP_COSTUME_COLOR_4_INFO","sc/ui.sc","custom_dummy_outfit_female_stump_01",,"villager_carolina",,,"stump_costume_00_color1",,1710805,3223930
,,,,,,,,,"stump_costume_00_color2",,2829229,855413
,,,,,,,,,"stump_costume_00_color3",,659245,1513401
"carolina_costume_claymaster_00_color_1","TID_OUTFIT_NAME_CLAYMASTER_COSTUME_COLOR_1","TID_OUTFIT_NAME_CLAYMASTER_COSTUME_COLOR_1_INFO","sc/ui.sc","custom_dummy_outfit_female_claymaster_01",,"villager_carolina",,,"claymaster_costume_00_color1",,43519,29439
,,,,,,,,,"claymaster_costume_00_color2",,171519,27043
"carolina_costume_claymaster_00_color_2","TID_OUTFIT_NAME_CLAYMASTER_COSTUME_COLOR_2","TID_OUTFIT_NAME_CLAYMASTER_COSTUME_COLOR_2_INFO","sc/ui.sc","custom_dummy_outfit_female_claymaster_01",,"villager_carolina",,,"claymaster_costume_00_color1",,16749824,255
,,,,,,,,,"claymaster_costume_00_color2",,15416319,4474097
"carolina_costume_claymaster_00_color_3","TID_OUTFIT_NAME_CLAYMASTER_COSTUME_COLOR_3","TID_OUTFIT_NAME_CLAYMASTER_COSTUME_COLOR_3_INFO","sc/ui.sc","custom_dummy_outfit_female_claymaster_01",,"villager_carolina",,,"claymaster_costume_00_color1",,4456410,476160
,,,,,,,,,"claymaster_costume_00_color2",,65452,306306
"carolina_costume_claymaster_00_color_4","TID_OUTFIT_NAME_CLAYMASTER_COSTUME_COLOR_4","TID_OUTFIT_NAME_CLAYMASTER_COSTUME_COLOR_4_INFO","sc/ui.sc","custom_dummy_outfit_female_claymaster_01",,"villager_carolina",,,"claymaster_costume_00_color1",,16773377,16711771
,,,,,,,,,"claymaster_costume_00_color2",,9733440,9928473
"karl_costume_wedding_00_color_1","TID_OUTFIT_NAME_WEDDING_COSTUME_COLOR_1","TID_OUTFIT_NAME_WEDDING_COSTUME_COLOR_1_INFO","sc/ui.sc","custom_dummy_outfit_female_festive_01",,"villager_karl",,,"wedding_costume_00_color1_mat",,255,2894931
,,,,,,,,,"wedding_costume_00_color2_mat",,10790128,197442
"karl_costume_wedding_00_color_2","TID_OUTFIT_NAME_WEDDING_COSTUME_COLOR_2","TID_OUTFIT_NAME_WEDDING_COSTUME_COLOR_2_INFO","sc/ui.sc","custom_dummy_outfit_female_festive_01",,"villager_karl",,,"wedding_costume_00_color1_mat",,16759808,5586979
,,,,,,,,,"wedding_costume_00_color2_mat",,15383198,5185025
"karl_costume_wedding_00_color_3","TID_OUTFIT_NAME_WEDDING_COSTUME_COLOR_3","TID_OUTFIT_NAME_WEDDING_COSTUME_COLOR_3_INFO","sc/ui.sc","custom_dummy_outfit_female_festive_01",,"villager_karl",,,"wedding_costume_00_color1_mat",,16748288,255
,,,,,,,,,"wedding_costumet_00_color2_mat",,11883928,4130634
"karl_costume_wedding_00_color_4","TID_OUTFIT_NAME_WEDDING_COSTUME_COLOR_4","TID_OUTFIT_NAME_WEDDING_COSTUME_COLOR_4_INFO","sc/ui.sc","custom_dummy_outfit_female_festive_01",,"villager_karl",,,"wedding_costume_00_color1_mat",,1638144,20246
,,,,,,,,,"wedding_costume_00_color2_mat",,7129450,271360
"karl_costume_fish_00_color_1","TID_OUTFIT_NAME_FISH_COSTUME_COLOR_1","TID_OUTFIT_NAME_FISH_COSTUME_COLOR_1_INFO","sc/ui.sc","custom_dummy_outfit_female_fish_01",,"villager_karl",,,"fish_costume_00_color1",,6661915,986884
,,,,,,,,,"fish_costume_00_color2",,14286746,0
,,,,,,,,,"fish_costume_00_color3",,9480704,2500134
"karl_costume_fish_00_color_2","TID_OUTFIT_NAME_FISH_COSTUME_COLOR_2","TID_OUTFIT_NAME_FISH_COSTUME_COLOR_2_INFO","sc/ui.sc","custom_dummy_outfit_female_fish_01",,"villager_karl",,,"fish_costume_00_color1",,12136871,6898008
,,,,,,,,,"fish_costume_00_color2",,16762111,9970036
,,,,,,,,,"fish_costume_00_color2",,12606619,3019566
"karl_costume_fish_00_color_3","TID_OUTFIT_NAME_FISH_COSTUME_COLOR_3","TID_OUTFIT_NAME_FISH_COSTUME_COLOR_3_INFO","sc/ui.sc","custom_dummy_outfit_female_fish_01",,"villager_karl",,,"fish_costume_00_color1",,47615,15413
,,,,,,,,,"fish_costume_00_color2",,5961983,65454
,,,,,,,,,"fish_costume_00_color3",,1871494,16478
"karl_costume_fish_00_color_4","TID_OUTFIT_NAME_FISH_COSTUME_COLOR_4","TID_OUTFIT_NAME_FISH_COSTUME_COLOR_4_INFO","sc/ui.sc","custom_dummy_outfit_female_fish_01",,"villager_karl",,,"fish_costume_00_color1",,16759040,0
,,,,,,,,,"fish_costume_00_color2",,16770371,6770237
,,,,,,,,,"fish_costume_00_color3",,14530909,0
"karl_costume_lumberjack_00_color_1","TID_OUTFIT_NAME_LUMBERJACK_COSTUME_COLOR_1","TID_OUTFIT_NAME_LUMBERJACK_COSTUME_COLOR_1_INFO","sc/ui.sc","custom_dummy_outfit_female_lumberjack_01",,"villager_karl",,,"lumberjack_costume_00_color1",,44799,9983
,,,,,,,,,"lumberjack_costume_00_color2",,22527,2894936
,,,,,,,,,"lumberjack_costume_00_color3",,51440,539849
,,,,,,,,,"lumberjack_costume_00_color4",,2926591,35071
"karl_costume_lumberjack_00_color_2","TID_OUTFIT_NAME_LUMBERJACK_COSTUME_COLOR_2","TID_OUTFIT_NAME_LUMBERJACK_COSTUME_COLOR_2_INFO","sc/ui.sc","custom_dummy_outfit_female_lumberjack_01",,"villager_karl",,,"lumberjack_costume_00_color1",,65458,11520
,,,,,,,,,"lumberjack_costume_00_color2",,236377,147484
,,,,,,,,,"lumberjack_costume_00_color3",,2082693,48966
,,,,,,,,,"lumberjack_costume_00_color4",,130891,6815655
"karl_costume_lumberjack_00_color_3","TID_OUTFIT_NAME_LUMBERJACK_COSTUME_COLOR_3","TID_OUTFIT_NAME_LUMBERJACK_COSTUME_COLOR_3_INFO","sc/ui.sc","custom_dummy_outfit_female_lumberjack_01",,"villager_karl",,,"lumberjack_costume_00_color1",,15719055,1507584
,,,,,,,,,"lumberjack_costume_00_color2",,11167783,3616042
,,,,,,,,,"lumberjack_costume_00_color3",,12557860,11042377
,,,,,,,,,"lumberjack_costume_00_color4",,16771995,11437824
"karl_costume_lumberjack_00_color_4","TID_OUTFIT_NAME_LUMBERJACK_COSTUME_COLOR_4","TID_OUTFIT_NAME_LUMBERJACK_COSTUME_COLOR_4_INFO","sc/ui.sc","custom_dummy_outfit_female_lumberjack_01",,"villager_karl",,,"lumberjack_costume_00_color1",,6519295,658050
,,,,,,,,,"lumberjack_costume_00_color2",,247,3355492
,,,,,,,,,"lumberjack_costume_00_color3",,4474111,3881958
,,,,,,,,,"lumberjack_costume_00_color4",,7454975,255
"karl_costume_pirate_00_color_1","TID_OUTFIT_NAME_PIRATE_COSTUME_COLOR_1","TID_OUTFIT_NAME_PIRATE_COSTUME_COLOR_1_INFO","sc/ui.sc","custom_dummy_outfit_female_pirate_01",,"villager_karl",,,"pirate_costume_00_color1",,1316095,2638794
,,,,,,,,,"pirate_costume_00_color2",,40703,20953
,,,,,,,,,"pirate_costume_00_color3",,3684475,3552822
,,,,,,,,,"pirate_costume_00_color4",,3750207,2368639
"karl_costume_pirate_00_color_2","TID_OUTFIT_NAME_PIRATE_COSTUME_COLOR_2","TID_OUTFIT_NAME_PIRATE_COSTUME_COLOR_2_INFO","sc/ui.sc","custom_dummy_outfit_female_pirate_01",,"villager_karl",,,"pirate_costume_00_color1",,7434795,2004736
,,,,,,,,,"pirate_costume_00_color2",,2771730,6449664
,,,,,,,,,"pirate_costume_00_color3",,3760394,4013867
"karl_costume_pirate_00_color_3","TID_OUTFIT_NAME_PIRATE_COSTUME_COLOR_3","TID_OUTFIT_NAME_PIRATE_COSTUME_COLOR_3_INFO","sc/ui.sc","custom_dummy_outfit_female_pirate_01",,"villager_karl",,,"pirate_costume_00_color1",,13336904,8275761
,,,,,,,,,"pirate_costume_00_color2",,9198431,7612707
,,,,,,,,,"pirate_costume_00_color3",,8141881,4207402
"karl_costume_pirate_00_color_4","TID_OUTFIT_NAME_PIRATE_COSTUME_COLOR_4","TID_OUTFIT_NAME_PIRATE_COSTUME_COLOR_4_INFO","sc/ui.sc","custom_dummy_outfit_female_pirate_01",,"villager_karl",,,"pirate_costume_00_color1",,41983,21247
,,,,,,,,,"pirate_costume_00_color2",,44203,2368677
,,,,,,,,,"pirate_costume_00_color3",,208713,3689302
"karl_costume_quarrymaster_00_color_1","TID_OUTFIT_NAME_QUARRYMASTER_COSTUME_COLOR_1","TID_OUTFIT_NAME_QUARRYMASTER_COSTUME_COLOR_1_INFO","sc/ui.sc","custom_dummy_outfit_female_quarrymaster_01",,"villager_karl",,,"quarrymaster_costume_00_color1",,1316006,3552846
,,,,,,,,,"quarrymaster_costume_00_color2",,6645130,1513260
,,,,,,,,,"quarrymaster_costume_00_color3",,255,1842250
,,,,,,,,,"quarrymaster_costume_00_color4",,8224221,1842250
"karl_costume_quarrymaster_00_color_2","TID_OUTFIT_NAME_QUARRYMASTER_COSTUME_COLOR_2","TID_OUTFIT_NAME_QUARRYMASTER_COSTUME_COLOR_2_INFO","sc/ui.sc","custom_dummy_outfit_female_quarrymaster_01",,"villager_karl",,,"quarrymaster_costume_00_color1",,43519,870251
,,,,,,,,,"quarrymaster_costume_00_color2",,2453197,2237736
,,,,,,,,,"quarrymaster_costume_00_color3",,21650,532819
,,,,,,,,,"quarrymaster_costume_00_color4",,7853567,8066
"karl_costume_quarrymaster_00_color_3","TID_OUTFIT_NAME_QUARRYMASTER_COSTUME_COLOR_3","TID_OUTFIT_NAME_QUARRYMASTER_COSTUME_COLOR_3_INFO","sc/ui.sc","custom_dummy_outfit_female_quarrymaster_01",,"villager_karl",,,"quarrymaster_costume_00_color1",,1340160,6058752
,,,,,,,,,"quarrymaster_costume_00_color2",,9021793,1448974
,,,,,,,,,"quarrymaster_costume_00_color3",,5349178,0
,,,,,,,,,"quarrymaster_costume_00_color4",,9362534,1522451
"karl_costume_quarrymaster_00_color_4","TID_OUTFIT_NAME_QUARRYMASTER_COSTUME_COLOR_4","TID_OUTFIT_NAME_QUARRYMASTER_COSTUME_COLOR_4_INFO","sc/ui.sc","custom_dummy_outfit_female_quarrymaster_01",,"villager_karl",,,"quarrymaster_costume_00_color1",,16758016,5063726
,,,,,,,,,"quarrymaster_costume_00_color2",,7617847,3613732
,,,,,,,,,"quarrymaster_costume_00_color3",,6706256,4864286
,,,,,,,,,"quarrymaster_costume_00_color4",,16759953,6177049
"karl_costume_researcher_00_color_1","TID_OUTFIT_NAME_RESEARCHER_COSTUME_COLOR_1","TID_OUTFIT_NAME_RESEARCHER_COSTUME_COLOR_1_INFO","sc/ui.sc","custom_dummy_outfit_female_researcher_01",,"villager_karl",,,"researcher_costume_00_color1",,3223857,5055305
,,,,,,,,,"researcher_costume_00_color2",,5903359,7618159
,,,,,,,,,"researcher_costume_00_color3",,6369371,2105439
,,,,,,,,,"researcher_costume_00_color4",,7039852,5967946
"karl_costume_researcher_00_color_2","TID_OUTFIT_NAME_RESEARCHER_COSTUME_COLOR_2","TID_OUTFIT_NAME_RESEARCHER_COSTUME_COLOR_2_INFO","sc/ui.sc","custom_dummy_outfit_female_researcher_01",,"villager_karl",,,"researcher_costume_00_color1",,16745054,4395008
,,,,,,,,,"researcher_costume_00_color2",,11704874,10718018
,,,,,,,,,"researcher_costume_00_color3",,8667153,5975321
"karl_costume_researcher_00_color_3","TID_OUTFIT_NAME_RESEARCHER_COSTUME_COLOR_3","TID_OUTFIT_NAME_RESEARCHER_COSTUME_COLOR_3_INFO","sc/ui.sc","custom_dummy_outfit_female_researcher_01",,"villager_karl",,,"researcher_costume_00_color1",,209746,26623
,,,,,,,,,"researcher_costume_00_color2",,303103,2458367
,,,,,,,,,"researcher_costume_00_color3",,3235200,207936
"karl_costume_researcher_00_color_4","TID_OUTFIT_NAME_RESEARCHER_COSTUME_COLOR_4","TID_OUTFIT_NAME_RESEARCHER_COSTUME_COLOR_4_INFO","sc/ui.sc","custom_dummy_outfit_female_researcher_01",,"villager_karl",,,"researcher_costume_00_color1",,7308081,4277504
,,,,,,,,,"researcher_costume_00_color2",,4120158,348959
,,,,,,,,,"researcher_costume_00_color3",,2183168,3878656
"karl_costume_rooster_00_color_1","TID_OUTFIT_NAME_ROOSTER_COSTUME_COLOR_1","TID_OUTFIT_NAME_ROOSTER_COSTUME_COLOR_1_INFO","sc/ui.sc","custom_dummy_outfit_female_rooster_01",,"villager_karl",,,"rooster_costume_00_color1",,13224447,9671652
,,,,,,,,,"rooster_costume_00_color2",,2513915,1
,,,,,,,,,"rooster_costume_00_color3",,255,4210810
"karl_costume_rooster_00_color_2","TID_OUTFIT_NAME_ROOSTER_COSTUME_COLOR_2","TID_OUTFIT_NAME_ROOSTER_COSTUME_COLOR_2_INFO","sc/ui.sc","custom_dummy_outfit_female_rooster_01",,"villager_karl",,,"rooster_costume_00_color1",,60159,1645054
,,,,,,,,,"rooster_costume_00_color2",,2513915,2894893
,,,,,,,,,"rooster_costume_00_color3",,2499366,3164498
"karl_costume_rooster_00_color_3","TID_OUTFIT_NAME_ROOSTER_COSTUME_COLOR_3","TID_OUTFIT_NAME_ROOSTER_COSTUME_COLOR_3_INFO","sc/ui.sc","custom_dummy_outfit_female_rooster_01",,"villager_karl",,,"rooster_costume_00_color1",,4480386,12799
,,,,,,,,,"rooster_costume_00_color2",,998341,2894893
,,,,,,,,,"rooster_costume_00_color3",,6398542,2240528
"karl_costume_rooster_00_color_4","TID_OUTFIT_NAME_ROOSTER_COSTUME_COLOR_4","TID_OUTFIT_NAME_ROOSTER_COSTUME_COLOR_4_INFO","sc/ui.sc","custom_dummy_outfit_female_rooster_01",,"villager_karl",,,"rooster_costume_00_color1",,3552840,2697513
,,,,,,,,,"rooster_costume_00_color2",,2829179,2575489
,,,,,,,,,"rooster_costume_00_color3",,5480133,670380
"karl_costume_stump_00_color_1","TID_OUTFIT_NAME_STUMP_COSTUME_COLOR_1","TID_OUTFIT_NAME_STUMP_COSTUME_COLOR_1_INFO","sc/ui.sc","custom_dummy_outfit_female_stump_01",,"villager_karl",,,"stump_costume_00_color1",,14190944,4269060
,,,,,,,,,"stump_costume_00_color2",,16185083,14079183
,,,,,,,,,"stump_costume_00_color3",,10634282,3090723
"karl_costume_stump_00_color_2","TID_OUTFIT_NAME_STUMP_COSTUME_COLOR_2","TID_OUTFIT_NAME_STUMP_COSTUME_COLOR_2_INFO","sc/ui.sc","custom_dummy_outfit_female_stump_01",,"villager_karl",,,"stump_costume_00_color1",,36607,1595646
,,,,,,,,,"stump_costume_00_color2",,15203071,9695476
,,,,,,,,,"stump_costume_00_color3",,4350843,10164
"karl_costume_stump_00_color_3","TID_OUTFIT_NAME_STUMP_COSTUME_COLOR_3","TID_OUTFIT_NAME_STUMP_COSTUME_COLOR_3_INFO","sc/ui.sc","custom_dummy_outfit_female_stump_01",,"villager_karl",,,"stump_costume_00_color1",,2864992,1004304
,,,,,,,,,"stump_costume_00_color2",,13107180,1397544
,,,,,,,,,"stump_costume_00_color3",,3724324,1121297
"karl_costume_stump_00_color_4","TID_OUTFIT_NAME_STUMP_COSTUME_COLOR_4","TID_OUTFIT_NAME_STUMP_COSTUME_COLOR_4_INFO","sc/ui.sc","custom_dummy_outfit_female_stump_01",,"villager_karl",,,"stump_costume_00_color1",,2829228,255
,,,,,,,,,"stump_costume_00_color2",,3026569,12763869
,,,,,,,,,"stump_costume_00_color3",,4079290,1973843
"karl_costume_claymaster_00_color_1","TID_OUTFIT_NAME_CLAYMASTER_COSTUME_COLOR_1","TID_OUTFIT_NAME_CLAYMASTER_COSTUME_COLOR_1_INFO","sc/ui.sc","custom_dummy_outfit_female_claymaster_01",,"villager_karl",,,"claymaster_costume_00_color1_mat",,774143,187
,,,,,,,,,"claymaster_costume_00_color2_mat",,197631,1170687
"karl_costume_claymaster_00_color_2","TID_OUTFIT_NAME_CLAYMASTER_COSTUME_COLOR_2","TID_OUTFIT_NAME_CLAYMASTER_COSTUME_COLOR_2_INFO","sc/ui.sc","custom_dummy_outfit_female_claymaster_01",,"villager_karl",,,"claymaster_costume_00_color1_mat",,12873472,210
,,,,,,,,,"claymaster_costume_00_color2_mat",,15767479,2500247
"karl_costume_claymaster_00_color_3","TID_OUTFIT_NAME_CLAYMASTER_COSTUME_COLOR_3","TID_OUTFIT_NAME_CLAYMASTER_COSTUME_COLOR_3_INFO","sc/ui.sc","custom_dummy_outfit_female_claymaster_01",,"villager_karl",,,"claymaster_costume_00_color1_mat",,65365,0
,,,,,,,,,"claymaster_costume_00_color2_mat",,494686,52348
"karl_costume_claymaster_00_color_4","TID_OUTFIT_NAME_CLAYMASTER_COSTUME_COLOR_4","TID_OUTFIT_NAME_CLAYMASTER_COSTUME_COLOR_4_INFO","sc/ui.sc","custom_dummy_outfit_female_claymaster_01",,"villager_karl",,,"claymaster_costume_00_color1_mat",,12961024,2621450
,,,,,,,,,"claymaster_costume_00_color2_mat",,16756028,14514696
"carolina_outf_bag_04",,,,,,"villager_carolina","outfit_04_bag_geo",,,,,
"spirit_birddog_01",,,,,,"spirit_birddog","ears_geo",,"birdog_00_mat","sc3d/char_birdog_00_v01.pvr",16777215,0
"spirit_birddog_02",,,,,,"spirit_birddog","crest_geo","ears_geo","birdog_00_mat","sc3d/char_birdog_00_v02.pvr",16777215,0
"temp_worker_color","TID_OUTFIT_COLOR_NAME_1","TID_OUTFIT_COLOR_NAME_1_INFO","sc/ui.sc","default_outfit_blue_male","true","villager_temp_worker",,,"race2_hair_01_color",,42429,144
"carolina_costume_adventurer_00",,,"sc/ui.sc","custom_dummy_outfit_female_fish_01",,"villager_carolina","adventurer_costume_00","_hair_??_top_",,,,
,,,,,,,,"outfit_",,,,
"karl_costume_adventurer_00",,,"sc/ui.sc","custom_dummy_outfit_female_fish_01",,"villager_karl","adventurer_costume_00","_hair_??_top_",,,,
,,,,,,,,"outfit_",,,,
"carolina_costume_festival_00",,,"sc/ui.sc","custom_dummy_outfit_female_fish_01",,"villager_carolina","festival_costume_00","_hair_??_top_",,,,
,,,,,,,,"outfit_",,,,
"karl_costume_festival_00",,,"sc/ui.sc","custom_dummy_outfit_female_fish_01",,"villager_karl","festival_costume_00","_hair_??_top_",,,,
,,,,,,,,"outfit_",,,,
"carolina_costume_scarecrow_00",,,"sc/ui.sc","custom_dummy_outfit_female_fish_01",,"villager_carolina","scarecrow_costume_00","_hair_??_top_",,,,
,,,,,,,,"outfit_",,,,
,,,,,,,,"scarecrow_costume_00_bird",,,,
"karl_costume_scarecrow_00",,,"sc/ui.sc","custom_dummy_outfit_female_fish_01",,"villager_karl","scarecrow_costume_00","_hair_??_top_",,,,
,,,,,,,,"outfit_",,,,
,,,,,,,,"scarecrow_costume_00_bird",,,,
"carolina_costume_camper_00",,,"sc/ui.sc","custom_dummy_outfit_female_fish_01",,"villager_carolina","camper_costume_00","_hair_??_top_",,,,
,,,,,,,,"outfit_",,,,
"karl_costume_camper_00",,,"sc/ui.sc","custom_dummy_outfit_female_fish_01",,"villager_karl","camper_costume_00","_hair_??_top_",,,,
,,,,,,,,"outfit_",,,,
"carolina_costume_gardener_00",,,"sc/ui.sc","custom_dummy_outfit_female_fish_01",,"villager_carolina","gardener_costume_00","_hair_??_top_",,,,
,,,,,,,,"outfit_",,,,
"karl_costume_gardener_00",,,"sc/ui.sc","custom_dummy_outfit_female_fish_01",,"villager_karl","gardener_costume_00","_hair_??_top_",,,,
,,,,,,,,"outfit_",,,,
"karl_costume_tempworker_00",,,"sc/ui.sc","custom_dummy_outfit_female_fish_01",,"villager_karl","tempworker_costume_00","_hair_??_top_",,,,
,,,,,,,,"outfit_",,,,
"carolina_costume_adventurer_00_color_1","TID_OUTFIT_NAME_FISH_COSTUME_COLOR_1","TID_OUTFIT_NAME_FISH_COSTUME_COLOR_1_INFO","sc/ui.sc","custom_dummy_outfit_female_fish_01",,"villager_carolina",,,"adventurer_costume_00_color1_mat",,2650527,13945
,,,,,,,,,"adventurer_costume_00_color2_mat",,4321258,5000301
,,,,,,,,,"adventurer_costume_00_color3_mat",,5329237,9814965
,,,,,,,,,"adventurer_costume_00_color4_mat",,2697692,80
,,,,,,,,,"adventurer_costume_00_color5_mat",,8703487,1795717
"carolina_costume_adventurer_00_color_2","TID_OUTFIT_NAME_FISH_COSTUME_COLOR_2","TID_OUTFIT_NAME_FISH_COSTUME_COLOR_2_INFO","sc/ui.sc","custom_dummy_outfit_female_fish_01",,"villager_carolina",,,"adventurer_costume_00_color1_mat",,6671486,84224
,,,,,,,,,"adventurer_costume_00_color2_mat",,2699576,22946
,,,,,,,,,"adventurer_costume_00_color3",,16641528,4802889
,,,,,,,,,"adventurer_costume_00_color4_mat",,2142711,18389
,,,,,,,,,"adventurer_costume_00_color5_mat",,2566143,4408169
"carolina_costume_adventurer_00_color_3","TID_OUTFIT_NAME_FISH_COSTUME_COLOR_3","TID_OUTFIT_NAME_FISH_COSTUME_COLOR_3_INFO","sc/ui.sc","custom_dummy_outfit_female_fish_01",,"villager_carolina",,,"adventurer_costume_00_color1_mat",,1780889,1973896
,,,,,,,,,"adventurer_costume_00_color2_mat",,6579300,3418419
,,,,,,,,,"adventurer_costume_00_color3_mat",,16773092,5197647
,,,,,,,,,"adventurer_costume_00_color4_mat",,10388097,9316375
,,,,,,,,,"adventurer_costume_00_color5_mat",,10382444,5524299
"carolina_costume_adventurer_00_color_4","TID_OUTFIT_NAME_FISH_COSTUME_COLOR_4","TID_OUTFIT_NAME_FISH_COSTUME_COLOR_4_INFO","sc/ui.sc","custom_dummy_outfit_female_fish_01",,"villager_carolina",,,"adventurer_costume_00_color1_mat",,12961024,8012580
,,,,,,,,,"adventurer_costume_00_color2",,3878938,8085833
,,,,,,,,,"adventurer_costume_00_color3_mat",,14671843,4671308
,,,,,,,,,"adventurer_costume_00_color4_mat",,1827714,1058583
,,,,,,,,,"adventurer_costume_00_color5_mat",,375389,2645021
"carolina_costume_festival_00_color_1","TID_OUTFIT_NAME_FISH_COSTUME_COLOR_1","TID_OUTFIT_NAME_FISH_COSTUME_COLOR_1_INFO","sc/ui.sc","custom_dummy_outfit_female_fish_01",,"villager_carolina",,,"festival_costume_00_color1_mat",,13136405,15807744
,,,,,,,,,"festival_costume_00_color2_mat",,25509,394979
,,,,,,,,,"festival_costume_00_color4_mat",,16298240,2035456
,,,,,,,,,"festival_costume_00_color5_mat",,14085109,542792
"carolina_costume_festival_00_color_2","TID_OUTFIT_NAME_FISH_COSTUME_COLOR_2","TID_OUTFIT_NAME_FISH_COSTUME_COLOR_2_INFO","sc/ui.sc","custom_dummy_outfit_female_fish_01",,"villager_carolina",,,"festival_costume_00_color1_mat",,7167,67
,,,,,,,,,"festival_costume_00_color2_mat",,12583091,2949147
,,,,,,,,,"festival_costume_00_color4_mat",,13513,71
,,,,,,,,,"festival_costume_00_color5_mat",,14671871,2039672
"carolina_costume_festival_00_color_3","TID_OUTFIT_NAME_FISH_COSTUME_COLOR_3","TID_OUTFIT_NAME_FISH_COSTUME_COLOR_3_INFO","sc/ui.sc","custom_dummy_outfit_female_fish_01",,"villager_carolina",,,"festival_costume_00_color1_mat",,56881,15413
,,,,,,,,,"festival_costume_00_color2_mat",,502994,18791
,,,,,,,,,"festival_costume_00_color4_mat",,639978,103
,,,,,,,,,"festival_costume_00_color5_mat",,13364735,1644864
"carolina_costume_festival_00_color_4","TID_OUTFIT_NAME_FISH_COSTUME_COLOR_4","TID_OUTFIT_NAME_FISH_COSTUME_COLOR_4_INFO","sc/ui.sc","custom_dummy_outfit_female_fish_01",,"villager_carolina",,,"festival_costume_00_color1_mat",,16758016,5454592
,,,,,,,,,"festival_costume_00_color2_mat",,42769,43122
,,,,,,,,,"festival_costume_00_color4_mat",,40806,874002
,,,,,,,,,"festival_costume_00_color5_mat",,16776945,4007939
"carolina_costume_scarecrow_00_color_1","TID_OUTFIT_NAME_FISH_COSTUME_COLOR_1","TID_OUTFIT_NAME_FISH_COSTUME_COLOR_1_INFO","sc/ui.sc","custom_dummy_outfit_female_fish_01",,"villager_carolina",,,"scarecrow_costume_00_color1_mat",,2105516,1188700
,,,,,,,,,"scarecrow_costume_00_color2_mat",,1661227,2454550
,,,,,,,,,"scarecrow_costume_00_color3_mat",,15132390,8355714
,,,,,,,,,"scarecrow_costume_00_color4_mat",,3421359,131699
"carolina_costume_scarecrow_00_color_2","TID_OUTFIT_NAME_FISH_COSTUME_COLOR_2","TID_OUTFIT_NAME_FISH_COSTUME_COLOR_2_INFO","sc/ui.sc","custom_dummy_outfit_female_fish_01",,"villager_carolina",,,"scarecrow_costume_00_color1_mat",,4112133,3227682
,,,,,,,,,"scarecrow_costume_00_color2_mat",,3348275,11086997
,,,,,,,,,"scarecrow_costume_00_color3_mat",,16777215,1776428
,,,,,,,,,"scarecrow_costume_00_color4_mat",,990473,4308816
"carolina_costume_scarecrow_00_color_3","TID_OUTFIT_NAME_FISH_COSTUME_COLOR_3","TID_OUTFIT_NAME_FISH_COSTUME_COLOR_3_INFO","sc/ui.sc","custom_dummy_outfit_female_fish_01",,"villager_carolina",,,"scarecrow_costume_00_color1_mat",,11562808,16725770
,,,,,,,,,"scarecrow_costume_00_color2_mat",,226303,15615
,,,,,,,,,"scarecrow_costume_00_color3_mat",,13619151,5855609
,,,,,,,,,"scarecrow_costume_00_color4_mat",,4204810,9068615
"carolina_costume_scarecrow_00_color_4","TID_OUTFIT_NAME_FISH_COSTUME_COLOR_4","TID_OUTFIT_NAME_FISH_COSTUME_COLOR_4_INFO","sc/ui.sc","custom_dummy_outfit_female_fish_01",,"villager_carolina",,,"scarecrow_costume_00_color1_mat",,930131,6985636
,,,,,,,,,"scarecrow_costume_00_color2_mat",,2105427,2901324
,,,,,,,,,"scarecrow_costume_00_color3_mat",,16777215,10526880
,,,,,,,,,"scarecrow_costume_00_color4_mat",,4908783,5526700
"carolina_costume_camper_00_color_1","TID_OUTFIT_NAME_FISH_COSTUME_COLOR_1","TID_OUTFIT_NAME_FISH_COSTUME_COLOR_1_INFO","sc/ui.sc","custom_dummy_outfit_female_fish_01",,"villager_carolina",,,"camper_costume_00_color1_mat",,7114134,13151
,,,,,,,,,"camper_costume_00_color2_mat",,1453895,864622
,,,,,,,,,"camper_costume_00_color3_mat",,9647447,4732224
,,,,,,,,,"camper_costume_00_color4_mat",,5061187,5585476
,,,,,,,,,"camper_costume_00_color5_mat",,11711189,6645105
"carolina_costume_camper_00_color_2","TID_OUTFIT_NAME_FISH_COSTUME_COLOR_2","TID_OUTFIT_NAME_FISH_COSTUME_COLOR_2_INFO","sc/ui.sc","custom_dummy_outfit_female_fish_01",,"villager_carolina",,,"camper_costume_00_color1_mat",,5539169,4159569
,,,,,,,,,"camper_costume_00_color2_mat",,1520902,6846487
,,,,,,,,,"camper_costume_00_color3_mat",,33007,3019566
,,,,,,,,,"camper_costume_00_color4_mat",,1415908,2763383
,,,,,,,,,"camper_costume_00_color5_mat",,12189598,8585063
"carolina_costume_camper_00_color_3","TID_OUTFIT_NAME_FISH_COSTUME_COLOR_3","TID_OUTFIT_NAME_FISH_COSTUME_COLOR_3_INFO","sc/ui.sc","custom_dummy_outfit_female_fish_01",,"villager_carolina",,,"camper_costume_00_color1_mat",,8280124,9931559
,,,,,,,,,"camper_costume_00_color2_mat",,7229250,3616040
,,,,,,,,,"camper_costume_00_color3_mat",,765373,1653923
,,,,,,,,,"camper_costume_00_color4_mat",,3519955,412795
,,,,,,,,,"camper_costume_00_color5_mat",,16774877,5843222
"carolina_costume_camper_00_color_4","TID_OUTFIT_NAME_FISH_COSTUME_COLOR_4","TID_OUTFIT_NAME_FISH_COSTUME_COLOR_4_INFO","sc/ui.sc","custom_dummy_outfit_female_fish_01",,"villager_carolina",,,"camper_costume_00_color1_mat",,3026593,921215
,,,,,,,,,"camper_costume_00_color2_mat",,3424883,1579042
,,,,,,,,,"camper_costume_00_color3_mat",,2801514,19200
,,,,,,,,,"camper_costume_00_color4_mat",,5214554,414502
,,,,,,,,,"camper_costume_00_color5_mat",,12961279,5329299
"carolina_costume_gardener_00_color_1","TID_OUTFIT_NAME_FISH_COSTUME_COLOR_1","TID_OUTFIT_NAME_FISH_COSTUME_COLOR_1_INFO","sc/ui.sc","custom_dummy_outfit_female_fish_01",,"villager_carolina",,,"gardener_costume_00_color1_mat",,16735156,9382513
,,,,,,,,,"gardener_costume_00_color2_mat",,6656338,2376195
,,,,,,,,,"gardener_costume_00_color3_mat",,16768734,8192066
,,,,,,,,,"gardener_costume_00_color4_mat",,10705151,6820352
,,,,,,,,,"gardener_costume_00_color5_mat",,8178496,928000
"carolina_costume_gardener_00_color_2","TID_OUTFIT_NAME_FISH_COSTUME_COLOR_2","TID_OUTFIT_NAME_FISH_COSTUME_COLOR_2_INFO","sc/ui.sc","custom_dummy_outfit_female_fish_01",,"villager_carolina",,,"gardener_costume_00_color1_mat",,255,3816111
,,,,,,,,,"gardener_costume_00_color2_mat",,13862995,2101783
,,,,,,,,,"gardener_costume_00_color3_mat",,16694382,10903091
,,,,,,,,,"gardener_costume_00_color4_mat",,250,142
,,,,,,,,,"gardener_costume_00_color5_mat",,7820348,9257527
"carolina_costume_gardener_00_color_3","TID_OUTFIT_NAME_FISH_COSTUME_COLOR_3","TID_OUTFIT_NAME_FISH_COSTUME_COLOR_3_INFO","sc/ui.sc","custom_dummy_outfit_female_fish_01",,"villager_carolina",,,"gardener_costume_00_color1_mat",,16768289,6639361
,,,,,,,,,"gardener_costume_00_color2_mat",,4547269,60
,,,,,,,,,"gardener_costume_00_color3_mat",,6184697,59
,,,,,,,,,"gardener_costume_00_color4_mat",,12559432,4863232
,,,,,,,,,"gardener_costume_00_color5_mat",,1387947,2763338
"carolina_costume_gardener_00_color_4","TID_OUTFIT_NAME_FISH_COSTUME_COLOR_4","TID_OUTFIT_NAME_FISH_COSTUME_COLOR_4_INFO","sc/ui.sc","custom_dummy_outfit_female_fish_01",,"villager_carolina",,,"gardener_costume_00_color1_mat",,51967,37053
,,,,,,,,,"gardener_costume_00_color2_mat",,12667135,2102016
,,,,,,,,,"gardener_costume_00_color3_mat",,6938367,15178
,,,,,,,,,"gardener_costume_00_color4_mat",,50687,22149
,,,,,,,,,"gardener_costume_00_color5_mat",,11034279,9706108
"karl_costume_adventurer_00_color_1","TID_OUTFIT_NAME_CLAYMASTER_COSTUME_COLOR_1","TID_OUTFIT_NAME_CLAYMASTER_COSTUME_COLOR_1_INFO","sc/ui.sc","custom_dummy_outfit_female_claymaster_01",,"villager_karl",,,"adventurer_costume_00_color1_mat",,5598389,1315883
,,,,,,,,,"adventurer_costume_00_color2_mat",,4321258,5000301
,,,,,,,,,"adventurer_costume_00_color3_mat",,15856125,15263976
,,,,,,,,,"adventurer_costume_00_color4_mat",,255,1052731
,,,,,,,,,"adventurer_costume_00_color5_mat",,13889023,1927312
"karl_costume_adventurer_00_color_2","TID_OUTFIT_NAME_CLAYMASTER_COSTUME_COLOR_2","TID_OUTFIT_NAME_CLAYMASTER_COSTUME_COLOR_2_INFO","sc/ui.sc","custom_dummy_outfit_female_claymaster_01",,"villager_karl",,,"adventurer_costume_00_color1_mat",,5089821,84224
,,,,,,,,,"adventurer_costume_00_color2_mat",,2699576,22946
,,,,,,,,,"adventurer_costume_00_color3_mat",,16449279,15000821
,,,,,,,,,"adventurer_costume_00_color4_mat",,51967,18275
,,,,,,,,,"adventurer_costume_00_color5_mat",,1780896,4210842
"karl_costume_adventurer_00_color_3","TID_OUTFIT_NAME_CLAYMASTER_COSTUME_COLOR_3","TID_OUTFIT_NAME_CLAYMASTER_COSTUME_COLOR_3_INFO","sc/ui.sc","custom_dummy_outfit_female_claymaster_01",,"villager_karl",,,"adventurer_costume_00_color1_mat",,2634623,1973896
,,,,,,,,,"adventurer_costume_00_color2_mat",,6579300,3418419
,,,,,,,,,"adventurer_costume_00_color3_mat",,16053503,16449023
,,,,,,,,,"adventurer_costume_00_color4_mat",,4534823,8087900
,,,,,,,,,"adventurer_costume_00_color5_mat",,12089210,7096399
"karl_costume_adventurer_00_color_4","TID_OUTFIT_NAME_CLAYMASTER_COSTUME_COLOR_4","TID_OUTFIT_NAME_CLAYMASTER_COSTUME_COLOR_4_INFO","sc/ui.sc","custom_dummy_outfit_female_claymaster_01",,"villager_karl",,,"adventurer_costume_00_color1_mat",,12961024,6169349
,,,,,,,,,"adventurer_costume_00_color2_mat",,3878938,8216636
,,,,,,,,,"adventurer_costume_00_color3_mat",,16775913,12098145
,,,,,,,,,"adventurer_costume_00_color4_mat",,1827714,1058583
,,,,,,,,,"adventurer_costume_00_color5_mat",,375381,2645021
"karl_costume_festival_00_color_1","TID_OUTFIT_NAME_CLAYMASTER_COSTUME_COLOR_1","TID_OUTFIT_NAME_CLAYMASTER_COSTUME_COLOR_1_INFO","sc/ui.sc","custom_dummy_outfit_female_claymaster_01",,"villager_karl",,,"festival_costume_00_color1_mat",,14720341,15807744
,,,,,,,,,"festival_costume_00_color2_mat",,25509,394979
,,,,,,,,,"festival_costume_00_color3_mat",,16185082,74827
,,,,,,,,,"festival_costume_00_color4_mat",,13136405,15807744
,,,,,,,,,"festival_costume_00_color5_mat",,16777215,0
"karl_costume_festival_00_color_2","TID_OUTFIT_NAME_CLAYMASTER_COSTUME_COLOR_2","TID_OUTFIT_NAME_CLAYMASTER_COSTUME_COLOR_2_INFO","sc/ui.sc","custom_dummy_outfit_female_claymaster_01",,"villager_karl",,,"festival_costume_00_color1_mat",,7167,67
,,,,,,,,,"festival_costume_00_color2_mat",,12583091,7146305
,,,,,,,,,"festival_costume_00_color3_mat",,16777215,65889
,,,,,,,,,"festival_costume_00_color4_mat",,255,263244
,,,,,,,,,"festival_costume_00_color5_mat",,16579836,0
"karl_costume_festival_00_color_3","TID_OUTFIT_NAME_CLAYMASTER_COSTUME_COLOR_3","TID_OUTFIT_NAME_CLAYMASTER_COSTUME_COLOR_3_INFO","sc/ui.sc","custom_dummy_outfit_female_claymaster_01",,"villager_karl",,,"festival_costume_00_color1_mat",,56930,1058849
,,,,,,,,,"festival_costume_00_color2_mat",,291839,3224018
,,,,,,,,,"festival_costume_00_color3_mat",,16777215,16130
,,,,,,,,,"festival_costume_00_color4_mat",,6291342,12299
,,,,,,,,,"festival_costume_00_color5_mat",,16711422,0
"karl_costume_festival_00_color_4","TID_OUTFIT_NAME_CLAYMASTER_COSTUME_COLOR_4","TID_OUTFIT_NAME_CLAYMASTER_COSTUME_COLOR_4_INFO","sc/ui.sc","custom_dummy_outfit_female_claymaster_01",,"villager_karl",,,"festival_costume_00_color1_mat",,16758016,5454592
,,,,,,,,,"festival_costume_00_color2_mat",,42769,43122
,,,,,,,,,"festival_costume_00_color3_mat",,15132415,4792326
,,,,,,,,,"festival_costume_00_color4_mat",,13997140,8204064
,,,,,,,,,"festival_costume_00_color5_mat",,15987699,0
"karl_costume_scarecrow_00_color_1","TID_OUTFIT_NAME_CLAYMASTER_COSTUME_COLOR_1","TID_OUTFIT_NAME_CLAYMASTER_COSTUME_COLOR_1_INFO","sc/ui.sc","custom_dummy_outfit_female_claymaster_01",,"villager_karl",,,"scarecrow_costume_00_color1_mat",,2105516,1188700
,,,,,,,,,"scarecrow_costume_00_color2_mat",,1661227,2454550
,,,,,,,,,"scarecrow_costume_00_color3_mat",,16382457,12500670
,,,,,,,,,"scarecrow_costume_00_color4_mat",,2697660,4144999
"karl_costume_scarecrow_00_color_2","TID_OUTFIT_NAME_CLAYMASTER_COSTUME_COLOR_2","TID_OUTFIT_NAME_CLAYMASTER_COSTUME_COLOR_2_INFO","sc/ui.sc","custom_dummy_outfit_female_claymaster_01",,"villager_karl",,,"scarecrow_costume_00_color1_mat",,4112133,3227682
,,,,,,,,,"scarecrow_costume_00_color2_mat",,3348275,11086997
,,,,,,,,,"scarecrow_costume_00_color3_mat",,15461355,12171705
,,,,,,,,,"scarecrow_costume_00_color4_mat",,4240220,1470256
"karl_costume_scarecrow_00_color_3","TID_OUTFIT_NAME_CLAYMASTER_COSTUME_COLOR_3","TID_OUTFIT_NAME_CLAYMASTER_COSTUME_COLOR_3_INFO","sc/ui.sc","custom_dummy_outfit_female_claymaster_01",,"villager_karl",,,"scarecrow_costume_00_color1_mat",,12542225,5325109
,,,,,,,,,"scarecrow_costume_00_color2_mat",,226303,2503256
,,,,,,,,,"scarecrow_costume_00_color3_mat",,16645629,8421504
,,,,,,,,,"scarecrow_costume_00_color4_mat",,13662744,9921280
"karl_costume_scarecrow_00_color_4","TID_OUTFIT_NAME_CLAYMASTER_COSTUME_COLOR_4","TID_OUTFIT_NAME_CLAYMASTER_COSTUME_COLOR_4_INFO","sc/ui.sc","custom_dummy_outfit_female_claymaster_01",,"villager_karl",,,"scarecrow_costume_00_color1_mat",,930131,5666431
,,,,,,,,,"scarecrow_costume_00_color2_mat",,2105427,2901324
,,,,,,,,,"scarecrow_costume_00_color3_mat",,16777215,10921638
,,,,,,,,,"scarecrow_costume_00_color4_mat",,10602201,2445412
"karl_costume_camper_00_color_1","TID_OUTFIT_NAME_CLAYMASTER_COSTUME_COLOR_1","TID_OUTFIT_NAME_CLAYMASTER_COSTUME_COLOR_1_INFO","sc/ui.sc","custom_dummy_outfit_female_claymaster_01",,"villager_karl",,,"camper_costume_00_color1_mat",,7114134,13151
,,,,,,,,,"camper_costume_00_color2_mat",,1453895,864622
,,,,,,,,,"camper_costume_00_color3_mat",,9647447,6566724
,,,,,,,,,"camper_costume_00_color4_mat",,5061187,5585476
,,,,,,,,,"camper_costume_00_color5_mat",,11395301,2834760
"karl_costume_camper_00_color_2","TID_OUTFIT_NAME_CLAYMASTER_COSTUME_COLOR_2","TID_OUTFIT_NAME_CLAYMASTER_COSTUME_COLOR_2_INFO","sc/ui.sc","custom_dummy_outfit_female_claymaster_01",,"villager_karl",,,"camper_costume_00_color1_mat",,5539169,4159569
,,,,,,,,,"camper_costume_00_color2_mat",,1520902,6846487
,,,,,,,,,"camper_costume_00_color3_mat",,33007,3019566
,,,,,,,,,"camper_costume_00_color4_mat",,1415908,2763383
,,,,,,,,,"camper_costume_00_color5_mat",,15399147,680458
"karl_costume_camper_00_color_3","TID_OUTFIT_NAME_CLAYMASTER_COSTUME_COLOR_3","TID_OUTFIT_NAME_CLAYMASTER_COSTUME_COLOR_3_INFO","sc/ui.sc","custom_dummy_outfit_female_claymaster_01",,"villager_karl",,,"camper_costume_00_color1_mat",,8280124,9931559
,,,,,,,,,"camper_costume_00_color2_mat",,7229250,3616040
,,,,,,,,,"camper_costume_00_color3_mat",,702663,1653923
,,,,,,,,,"camper_costume_00_color4_mat",,1610416,412795
,,,,,,,,,"camper_costume_00_color5_mat",,14535348,8020294
"karl_costume_camper_00_color_4","TID_OUTFIT_NAME_CLAYMASTER_COSTUME_COLOR_4","TID_OUTFIT_NAME_CLAYMASTER_COSTUME_COLOR_4_INFO","sc/ui.sc","custom_dummy_outfit_female_claymaster_01",,"villager_karl",,,"camper_costume_00_color1_mat",,3026593,921215
,,,,,,,,,"camper_costume_00_color2_mat",,3424883,1579042
,,,,,,,,,"camper_costume_00_color3_mat",,2801514,403462
,,,,,,,,,"camper_costume_00_color4_mat",,5214554,937254
,,,,,,,,,"camper_costume_00_color5_mat",,13092818,3947645
"karl_costume_gardener_00_color_1","TID_OUTFIT_NAME_CLAYMASTER_COSTUME_COLOR_1","TID_OUTFIT_NAME_CLAYMASTER_COSTUME_COLOR_1_INFO","sc/ui.sc","custom_dummy_outfit_female_claymaster_01",,"villager_karl",,,"gardener_costume_00_color1_mat",,12221887,8863606
,,,,,,,,,"gardener_costume_00_color2_mat",,6656338,2383114
,,,,,,,,,"gardener_costume_00_color3_mat",,15816876,7303098
,,,,,,,,,"gardener_costume_00_color4_mat",,3487116,11184825
,,,,,,,,,"gardener_costume_00_color5_mat",,15228835,2752538
"karl_costume_gardener_00_color_2","TID_OUTFIT_NAME_CLAYMASTER_COSTUME_COLOR_2","TID_OUTFIT_NAME_CLAYMASTER_COSTUME_COLOR_2_INFO","sc/ui.sc","custom_dummy_outfit_female_claymaster_01",,"villager_karl",,,"gardener_costume_00_color1_mat",,255,3816111
,,,,,,,,,"gardener_costume_00_color2_mat",,13862995,2101783
,,,,,,,,,"gardener_costume_00_color3_mat",,16769939,5841934
,,,,,,,,,"gardener_costume_00_color4_mat",,12961221,0
,,,,,,,,,"gardener_costume_00_color5_mat",,3421346,66
"karl_costume_gardener_00_color_3","TID_OUTFIT_NAME_CLAYMASTER_COSTUME_COLOR_3","TID_OUTFIT_NAME_CLAYMASTER_COSTUME_COLOR_3_INFO","sc/ui.sc","custom_dummy_outfit_female_claymaster_01",,"villager_karl",,,"gardener_costume_00_color1_mat",,16768289,3943680
,,,,,,,,,"gardener_costume_00_color2_mat",,4547269,60
,,,,,,,,,"gardener_costume_00_color3_mat",,6789375,1872
,,,,,,,,,"gardener_costume_00_color4_mat",,15527148,0
,,,,,,,,,"gardener_costume_00_color5_mat",,14586179,2692353
"karl_costume_gardener_00_color_4","TID_OUTFIT_NAME_CLAYMASTER_COSTUME_COLOR_4","TID_OUTFIT_NAME_CLAYMASTER_COSTUME_COLOR_4_INFO","sc/ui.sc","custom_dummy_outfit_female_claymaster_01",,"villager_karl",,,"gardener_costume_00_color1_mat",,3786234,1739732
,,,,,,,,,"gardener_costume_00_color2_mat",,12667135,2102016
,,,,,,,,,"gardener_costume_00_color3_mat",,6027775,135202
,,,,,,,,,"gardener_costume_00_color4_mat",,15856127,0
,,,,,,,,,"gardener_costume_00_color5_mat",,306409,673896
