"Name","Comments","Deprecated","Restrict","Dependencies","Parent","Priority","Action","ActionData","ActionValue","Event","EventData","EventValue","Nation","AccelerateWorkers","HungerMultiplier","OutOfResource","RequiredResource","RequiredResourceCount","MinVillageLevel","MaxVillageLevel","UnlockedTech","VillageTaskBatch","ShowDelayMs","TextBoxDelayMs","AllowTextBox","ScrollToTargetObject","CameraType","CameraX","CameraY","CameraZoom","CameraTransitionDelay","LockCamera","ResetCamera","HighlightWorker","Darken","Highlight","Character","BubbleType","TID","BuildingMenuFilter","HideWorkerButton","HideOffersUI","HideBuildingUI","HideResearchUI","HideBoostUI","HideAllianceButton","HideToolIventoryButton","HideQuestButton","HideMapButton","HidePredictionUI","HideClaimableResources","HideHUD","X","Y","FriendReferralCompletion"
"String","String","boolean","boolean","String","String","int","String","String","int","String","String","int","boolean","boolean","int","String","String","int","int","int","String","String","int","int","boolean","boolean","String","int","int","int","int","boolean","boolean","int","boolean","String","String","String","String","String","boolean","boolean","boolean","boolean","boolean","boolean","boolean","boolean","boolean","boolean","boolean","boolean","int","int","boolean"
"WelcomeA1",,,,,,,"Text",,,,,,,,"100",,,,,1,,,,4000,,,"IntroTransition",1108,-38,2777,,"TRUE",,,,,"Librarian_Lecturing","bottom","TID_TUTORIAL_WELCOMEA1",,,"TRUE","TRUE","TRUE","TRUE","TRUE","TRUE","TRUE","TRUE","TRUE","TRUE","TRUE",,,
"WelcomeA2",,,,"WelcomeA1",,,"Text",,,,,,,,"100",,,,,1,,,,,,,,,,,,,,,,,"Carolina_Cheerful","bottom_character_right","TID_TUTORIAL_WELCOMEA2",,,"TRUE","TRUE","TRUE","TRUE","TRUE","TRUE","TRUE","TRUE","TRUE","TRUE","TRUE",,,
"WelcomeA",,,,"WelcomeA2",,,"Text",,,,,,,,"100",,,,,1,,,,,,,,,,,,,,,,,"Librarian","bottom","TID_TUTORIAL_WELCOMEA",,,"TRUE","TRUE","TRUE","TRUE","TRUE","TRUE","TRUE","TRUE","TRUE","TRUE","TRUE",,,
"WelcomeB",,,,"WelcomeA",,,"Text",,,,,,,,"100",,,,,1,,,,,,,,,,,,,,,,,"Librarian_Lecturing","bottom","TID_TUTORIAL_WELCOMEB",,,"TRUE","TRUE","TRUE","TRUE","TRUE","TRUE","TRUE","TRUE","TRUE","TRUE","TRUE",,,
"WelcomeC",,,,"WelcomeB",,,"Text",,,,,,,,"100",,,,,1,,,,,,,,,,,,,,,,,"Carolina_Strong","bottom_character_right","TID_TUTORIAL_WELCOMEC",,,"TRUE","TRUE","TRUE","TRUE","TRUE","TRUE","TRUE","TRUE","TRUE","TRUE","TRUE",,,
,,,,,,,,,,,,,,,,,,,,,,,,,,,,,,,,,,,,,,,,,,,,,,,,,,,,,,,
"HomeClaimedDialogueA",,,,,,,"Text",,,"BuildingClaimed","House",,,,"100",,,,,1,,,,,,,,,,,,,,,,,"Carolina_Confused","bottom_character_right","TID_TUTORIAL_HOMECLAIMEDDIALOGUEA",,,"TRUE","TRUE","TRUE","TRUE","TRUE","TRUE","TRUE","TRUE","TRUE","TRUE",,,,
"HomeClaimedDialogueB",,,,"HomeClaimedDialogueA",,,"Text",,,,,,,,"100",,,,,1,,,,,,,,,,,,,,,,,"Librarian_Lecturing","bottom","TID_TUTORIAL_HOMECLAIMEDDIALOGUEB",,,"TRUE","TRUE","TRUE","TRUE","TRUE","TRUE","TRUE","TRUE","TRUE","TRUE",,,,
,,,,,,,,,,,,,,,,,,,,,,,,,,,,,,,,,,,,,,,,,,,,,,,,,,,,,,,
"LibraryClaimedDialogue",,,,,,,"Text",,,"BuildingClaimed","Library",,,,"100",,,,,1,,,,,,,,,,,,,,,,,"Librarian_Cheerful","bottom","TID_TUTORIAL_LIBRARYCLAIMEDDIALOGUE",,,"TRUE","TRUE","TRUE","TRUE","TRUE","TRUE","TRUE","TRUE","TRUE","TRUE",,,,
"LibraryClaimedDialogueB",,,,"LibraryClaimedDialogue",,,"Text",,,,,,,,"100",,,,,1,,,,,,,,,,,,,,,,,"Librarian_Proud","bottom","TID_TUTORIAL_LIBRARYCLAIMEDDIALOGUEB",,,"TRUE","TRUE","TRUE","TRUE","TRUE","TRUE","TRUE","TRUE","TRUE","TRUE",,,,
,,,,,,,,,,,,,,,,,,,,,,,,,,,,,,,,,,,,,,,,,,,,,,,,,,,,,,,
"ResearchWoodStorageUpgrade1",,,,,,,"Text",,,"TechResearched","WoodStorageLevel2",,,,"100",,,,,1,,,1000,,,,,,,,,,,,,,"Carolina","bottom","TID_TUTORIAL_RESEARCHWOODSTORAGEUPGRADE1",,,"TRUE","TRUE","TRUE","TRUE","TRUE","TRUE","TRUE","TRUE","TRUE","TRUE",,,,
"ResearchVillageKitchenUpgrade1",,,,,,,"Text",,,"TechResearched","TownSquareLevel2",,,,"100",,,,,1,,,1000,,,,,,,,,,,,,,"Carolina_Strong_Flip","bottom","TID_TUTORIAL_RESEARCHVILLAGEKITCHENUPGRADE1",,,"TRUE","TRUE","TRUE","TRUE","TRUE","TRUE","TRUE","TRUE","TRUE","TRUE",,,,
"ResearchVillageKitchenUpgrade1A",,,,"ResearchVillageKitchenUpgrade1",,,"Text",,,,,,,,"100",,,,,1,,,,,,,,,,,,,,,,,"Carolina","bottom","TID_TUTORIAL_RESEARCHVILLAGEKITCHENUPGRADE1A",,,"TRUE","TRUE","TRUE","TRUE","TRUE","TRUE","TRUE","TRUE","TRUE","TRUE",,,,
,,,,,,,,,,,,,,,,,,,,,,,,,,,,,,,,,,,,,,,,,,,,,,,,,,,,,,,
"VillageLevelUp2A",,,,,,,"Text",,,,,,,,"100",,,,2,2,,,,,,,,,,,,,,,,,"Carolina_Strong_Flip","bottom","TID_TUTORIAL_VILLAGELEVELUP2A",,,"TRUE","TRUE","TRUE","TRUE","TRUE","TRUE","TRUE","TRUE","TRUE","TRUE",,,,
,,,,,,,,,,,,,,,,,,,,,,,,,,,,,,,,,,,,,,,,,,,,,,,,,,,,,,,
"LibraryLevel2ClaimedDialogue",,,,,,,"Text",,,"BuildingClaimed","Library",2,,,"100",,,,,2,,,,,,,,,,,,,,,,,"Librarian_Cheerful","bottom","TID_TUTORIAL_LIBRARYLEVEL2CLAIMEDDIALOGUE",,,"TRUE","TRUE","TRUE","TRUE","TRUE","TRUE","TRUE","TRUE","TRUE","TRUE",,,,
,,,,,,,,,,,,,,,,,,,,,,,,,,,,,,,,,,,,,,,,,,,,,,,,,,,,,,,
"TraderIntroA",,,,,,,"Text",,,,,,,,"100",,,,,2,"HouseCount3",,1000,,,,,,,,,,,,,,"Carolina_Flip","bottom_character_right","TID_TUTORIAL_TRADERINTROA",,,"TRUE","TRUE","TRUE","TRUE","TRUE","TRUE","TRUE","TRUE","TRUE","TRUE",,,,
"TraderIntroB",,,,"TraderIntroA",,,"Text",,,,,,,,"100",,,,,2,,,,,,,,,,,,,,,,,"VillageTrader","bottom","TID_TUTORIAL_TRADERINTROB",,,"TRUE","TRUE","TRUE","TRUE","TRUE","TRUE","TRUE","TRUE","TRUE","TRUE",,,,
"TraderIntroC",,,,"TraderIntroB",,,"Text",,,,,,,,"100",,,,,2,,,,,,,,,,,,,,,,,"Carolina_Flip","bottom_character_right","TID_TUTORIAL_TRADERINTROC",,,"TRUE","TRUE","TRUE","TRUE","TRUE","TRUE","TRUE","TRUE","TRUE","TRUE",,,,
"TraderIntroD",,,,"TraderIntroC",,,"Text",,,,,,,,"100",,,,,2,,,,,,,,,,,,,,,,,"VillageTrader","bottom","TID_TUTORIAL_TRADERINTROD",,,"TRUE","TRUE","TRUE","TRUE","TRUE","TRUE","TRUE","TRUE","TRUE","TRUE",,,,
"TraderIntroE",,,,"TraderIntroD",,,"Text",,,,,,,,"100",,,,,2,,,,,,,,,,,,,,,,,"VillageTrader","bottom","TID_TUTORIAL_TRADERINTROE",,,"TRUE","TRUE","TRUE","TRUE","TRUE","TRUE","TRUE","TRUE","TRUE","TRUE",,,,
,,,,,,,,,,,,,,,,,,,,,,,,,,,,,,,,,,,,,,,,,,,,,,,,,,,,,,,
"Home3ClaimedDialogueA",,,,,,,"Text",,,"BuildingClaimed","House",,,,"100",,,,2,2,,,,,,,,,,,,,,,,,"Librarian","bottom","TID_TUTORIAL_HOME3CLAIMEDDIALOGUEA",,,"TRUE","TRUE","TRUE","TRUE","TRUE","TRUE","TRUE","TRUE","TRUE","TRUE",,,,
,,,,,,,,,,,,,,,,,,,,,,,,,,,,,,,,,,,,,,,,,,,,,,,,,,,,,,,
"PlaceClayStoragePre",,,,,,,"Text",,,,,,,,"100",,,,,2,"ClayStorageCount1",,,,,,,,,,,,,,,,"Carolina_Strong_Flip","bottom","TID_TUTORIAL_PLACECLAYSTORAGEPRE",,,"TRUE","TRUE","TRUE","TRUE","TRUE","TRUE","TRUE","TRUE","TRUE","TRUE",,,,
,,,,,,,,,,,,,,,,,,,,,,,,,,,,,,,,,,,,,,,,,,,,,,,,,,,,,,,
"FixFountainA",,,,,,,"Text",,,,,,,,"100",,,,,3,"FountainCount1",,,,,,,,,,,,,,,,"Carolina","bottom","TID_TUTORIAL_FIXFOUNTAINA",,,"TRUE","TRUE","TRUE","TRUE","TRUE","TRUE","TRUE","TRUE","TRUE","TRUE",,,,
"VillageTraderClay",,,,,,,"Text",,,"BuildingClaimed","ClayStorage",,,,"100",,,,,2,,,1000,,,,,,,,,,,,,,"VillageTrader","bottom","TID_TUTORIAL_VILLAGETRADERCLAY",,,"TRUE","TRUE","TRUE","TRUE","TRUE","TRUE","TRUE","TRUE","TRUE","TRUE",,,,
"KnowledgePointsPreA",,,,,,,"Text",,,,,,,,"100",,"Science",10,,,,,1000,,,,,,,,,,,,,,"VillageTrader","bottom","TID_TUTORIAL_KNOWLEDGEPOINTSPREA",,,"TRUE","TRUE","TRUE","TRUE","TRUE","TRUE","TRUE","TRUE","TRUE","TRUE",,,,
"KnowledgePointsPreB",,,,"KnowledgePointsPreA",,,"Text",,,,,,,,"100",,"Science",10,,,,,,,,,,,,,,,,,,,"Carolina_Flip","bottom_character_right","TID_TUTORIAL_KNOWLEDGEPOINTSPREB",,,"TRUE","TRUE","TRUE","TRUE","TRUE","TRUE","TRUE","TRUE","TRUE","TRUE",,,,
"KnowledgePointsPreC",,,,"KnowledgePointsPreB",,,"Text",,,,,,,,"100",,"Science",10,,,,,,,,,,,,,,,,,,,"VillageTrader","bottom","TID_TUTORIAL_KNOWLEDGEPOINTSPREC",,,"TRUE","TRUE","TRUE","TRUE","TRUE","TRUE","TRUE","TRUE","TRUE","TRUE",,,,
"VillageTraderEggs",,,,,,,"Text",,,"BuildingClaimed","ChickenCoop",,,,"100",,,,,3,,,1000,,,,,,,,,,,,,,"VillageTrader","bottom","TID_TUTORIAL_VILLAGETRADEREGGS",,,"TRUE","TRUE","TRUE","TRUE","TRUE","TRUE","TRUE","TRUE","TRUE","TRUE",,,,
,,,,,,,,,,,,,,,,,,,,,,,,,,,,,,,,,,,,,,,,,,,,,,,,,,,,,,,
"VillageLevelUp3A",,,,,,,"Text",,,,,,,,"100",,,,3,3,,,,,,,,,,,,,,,,,"Carolina_Strong_Flip","bottom","TID_TUTORIAL_VILLAGELEVELUP3A",,,"TRUE","TRUE","TRUE","TRUE","TRUE","TRUE","TRUE","TRUE","TRUE","TRUE",,,,
,,,,,,,,,,,,,,,,,,,,,,,,,,,,,,,,,,,,,,,,,,,,,,,,,,,,,,,
"LibraryLevel3ClaimedDialogue",,,,,,,"Text",,,"BuildingClaimed","Library",3,,,"100",,,,,3,,,,,,,,,,,,,,,,,"Librarian","bottom","TID_TUTORIAL_LIBRARYLEVEL3CLAIMEDDIALOGUE",,,"TRUE","TRUE","TRUE","TRUE","TRUE","TRUE","TRUE","TRUE","TRUE","TRUE",,,,
,,,,,,,,,,,,,,,,,,,,,,,,,,,,,,,,,,,,,,,,,,,,,,,,,,,,,,,
"VillageLevelUp4A",,,,,,,"Text",,,,,,,,"100",,,,4,4,,,,,,,,,,,,,,,,,"Librarian","bottom","TID_TUTORIAL_VILLAGELEVELUP4A",,,"TRUE","TRUE","TRUE","TRUE","TRUE","TRUE","TRUE","TRUE","TRUE","TRUE",,,,
"VillageLevelUp4B",,,,,,,"Text",,,,,,,,"100",,,,4,4,,,,,,,,,,,,,,,,,"Librarian_Cheerful","bottom","TID_TUTORIAL_VILLAGELEVELUP4B",,,"TRUE","TRUE","TRUE","TRUE","TRUE","TRUE","TRUE","TRUE","TRUE","TRUE",,,,
"VillageLevelUp4C",,,,,,,"Text",,,,,,,,"100",,,,4,4,,,,,,,,,,,,,,,,,"Carolina_Cheerful","bottom_character_right","TID_TUTORIAL_VILLAGELEVELUP4C",,,"TRUE","TRUE","TRUE","TRUE","TRUE","TRUE","TRUE","TRUE","TRUE","TRUE",,,,
,,,,,,,,,,,,,,,,,,,,,,,,,,,,,,,,,,,,,,,,,,,,,,,,,,,,,,,
"LibraryLevel4ClaimedDialogue",,,,,,,"Text",,,"BuildingClaimed","Library",4,,,"100",,,,,4,,,,,,,,,,,,,,,,,"Librarian_Lecturing","bottom","TID_TUTORIAL_LIBRARYLEVEL4CLAIMEDDIALOGUE",,,"TRUE","TRUE","TRUE","TRUE","TRUE","TRUE","TRUE","TRUE","TRUE","TRUE",,,,
,,,,,,,,,,,,,,,,,,,,,,,,,,,,,,,,,,,,,,,,,,,,,,,,,,,,,,,
"ClayPitResearched",,,,,,,"Text",,,"TechResearched","ClayPitCount1",,,,"100",,,,,,,,1000,,,,,,,,,,,,,,"Carolina","bottom","TID_TUTORIAL_CLAYPITRESEARCHED",,,"TRUE","TRUE","TRUE","TRUE","TRUE","TRUE","TRUE","TRUE","TRUE","TRUE",,,,
"ClayPitBuilt",,,,,,,"Text",,,"BuildingClaimed","ClayPit",,,,"100",,,,,,,,1000,,,,,,,,,,,,,,"Carolina","bottom","TID_TUTORIAL_CLAYPITBUILT",,,"TRUE","TRUE","TRUE","TRUE","TRUE","TRUE","TRUE","TRUE","TRUE","TRUE",,,,
"EvergroveResearched",,,,,,,"Text",,,"TechResearched","ManagedForestCount1",,,,"100",,,,,,,,1000,,,,,,,,,,,,,,"Carolina","bottom","TID_TUTORIAL_EVERGROVERESEARCHED",,,"TRUE","TRUE","TRUE","TRUE","TRUE","TRUE","TRUE","TRUE","TRUE","TRUE",,,,
"EvergroveBuilt",,,,,,,"Text",,,"BuildingClaimed","ManagedForest",,,,"100",,,,,,,,1000,,,,,,,,,,,,,,"Carolina","bottom","TID_TUTORIAL_EVERGROVEBUILT",,,"TRUE","TRUE","TRUE","TRUE","TRUE","TRUE","TRUE","TRUE","TRUE","TRUE",,,,
"WarehouseResearched",,,,,,,"Text",,,"TechResearched","WarehouseCount1",,,,"100",,,,,,,,1000,,,,,,,,,,,,,,"Carolina","bottom","TID_TUTORIAL_WAREHOUSERESEARCHED",,,"TRUE","TRUE","TRUE","TRUE","TRUE","TRUE","TRUE","TRUE","TRUE","TRUE",,,,
"FigurineWorkshopResearched",,,,,,,"Text",,,"TechResearched","FigurineWorkshopCount1",,,,"100",,,,,,,,1000,,,,,,,,,,,,,,"Carolina","bottom","TID_TUTORIAL_FIGURINEWORKSHOPRESEARCHED",,,"TRUE","TRUE","TRUE","TRUE","TRUE","TRUE","TRUE","TRUE","TRUE","TRUE",,,,
"VillageTraderFigurinesA",,,,,,,"Text",,,"BuildingClaimed","FigurineWorkshop",,,,"100",,,,,3,,,1000,,,,,,,,,,,,,,"VillageTrader","bottom","TID_TUTORIAL_VILLAGETRADERFIGURINESA",,,"TRUE","TRUE","TRUE","TRUE","TRUE","TRUE","TRUE","TRUE","TRUE","TRUE",,,,
"VillageTraderFigurinesB",,,,"VillageTraderFigurinesA",,,"Text",,,,,,,,"100",,,,,3,,,1000,,,,,,,,,,,,,,"Carolina_Strong","bottom_character_right","TID_TUTORIAL_VILLAGETRADERFIGURINESB",,,"TRUE","TRUE","TRUE","TRUE","TRUE","TRUE","TRUE","TRUE","TRUE","TRUE",,,,
,,,,,,,,,,,,,,,,,,,,,,,,,,,,,,,,,,,,,,,,,,,,,,,,,,,,,,,
"VillageTraderBatch5",,,,,,,"Text",,,,,,,,"100",,,,,4,,"Batch5",1000,,,,,,,,,,,,,,"VillageTrader","bottom","TID_TUTORIAL_VILLAGETRADERBATCH5",,,"TRUE","TRUE","TRUE","TRUE","TRUE","TRUE","TRUE","TRUE","TRUE","TRUE",,,,
,,,,,,,,,,,,,,,,,,,,,,,,,,,,,,,,,,,,,,,,,,,,,,,,,,,,,,,
,,,,,,,,,,,,,,,,,,,,,,,,,,,,,,,,,,,,,,,,,,,,,,,,,,,,,,,
,"FIGURINE WORKSHOP TUTORIAL",,,,,,,,,,,,,,,,,,,,,,,,,,,,,,,,,,,,,,,,,,,,,,,,,,,,,,
,"“The figurine workshop! We can make little figurines and sell to the trader.”",,,,,,,,,,,,,,,,,,,,,,,,,,,,,,,,,,,,,,,,,,,,,,,,,,,,,,
,"“They take a bit longer to make”",,,,,,,,,,,,,,,,,,,,,,,,,,,,,,,,,,,,,,,,,,,,,,,,,,,,,,
,,,,,,,,,,,,,,,,,,,,,,,,,,,,,,,,,,,,,,,,,,,,,,,,,,,,,,,
,"After the Evergrove is built the third trader triggers",,,,,,,,,,,,,,,,,,,,,,,,,,,,,,,,,,,,,,,,,,,,,,,,,,,,,,
,"Third trader asks for mushrooms",,,,,,,,,,,,,,,,,,,,,,,,,,,,,,,,,,,,,,,,,,,,,,,,,,,,,,
,"Carolina: “Let's pick up some Mushrooms for the trader",,,,,,,,,,,,,,,,,,,,,,,,,,,,,,,,,,,,,,,,,,,,,,,,,,,,,,
,"He only requires 3. IF you have already harvested mushrooms earlier we maybe shouldn't show this. There's also risk you've already made them into soup.",,,,,,,,,,,,,,,,,,,,,,,,,,,,,,,,,,,,,,,,,,,,,,,,,,,,,,
,"Point at “Mushrooms_ftue” (several near the Fountain)",,,,,,,,,,,,,,,,,,,,,,,,,,,,,,,,,,,,,,,,,,,,,,,,,,,,,,
,"After assigning a villager we can let the player play freely",,,,,,,,,,,,,,,,,,,,,,,,,,,,,,,,,,,,,,,,,,,,,,,,,,,,,,
,,,,,,,,,,,,,,,,,,,,,,,,,,,,,,,,,,,,,,,,,,,,,,,,,,,,,,,
,,,,,,,,,,,,,,,,,,,,,,,,,,,,,,,,,,,,,,,,,,,,,,,,,,,,,,,
,,,,,,,,,,,,,,,,,,,,,,,,,,,,,,,,,,,,,,,,,,,,,,,,,,,,,,,
,"XP LEVEL 3",,,,,,,,,,,,,,,,,,,,,,,,,,,,,,,,,,,,,,,,,,,,,,,,,,,,,,
,"Carolina: “Great progress! We can upgrade the library again and unlock more secrets.”",,,,,,,,,,,,,,,,,,,,,,,,,,,,,,,,,,,,,,,,,,,,,,,,,,,,,,
,"I don't think we need to do any finger pointing at this point.",,,,,,,,,,,,,,,,,,,,,,,,,,,,,,,,,,,,,,,,,,,,,,,,,,,,,,
,,,,,,,,,,,,,,,,,,,,,,,,,,,,,,,,,,,,,,,,,,,,,,,,,,,,,,,
,,,,,,,,,,,,,,,,,,,,,,,,,,,,,,,,,,,,,,,,,,,,,,,,,,,,,,,
,"AFTER UPGRADING LIBRARY TO LEVEL 3",,,,,,,,,,,,,,,,,,,,,,,,,,,,,,,,,,,,,,,,,,,,,,,,,,,,,,
,"RESEARCH VALLEY TECH",,,,,,,,,,,,,,,,,,,,,,,,,,,,,,,,,,,,,,,,,,,,,,,,,,,,,,
,"Carolina: “We should do some research on the Valley and contact the Valley dwellers.”",,,,,,,,,,,,,,,,,,,,,,,,,,,,,,,,,,,,,,,,,,,,,,,,,,,,,,
,"We could point to the valley tech but might be ok to not do it.",,,,,,,,,,,,,,,,,,,,,,,,,,,,,,,,,,,,,,,,,,,,,,,,,,,,,,
,,,,,,,,,,,,,,,,,,,,,,,,,,,,,,,,,,,,,,,,,,,,,,,,,,,,,,,
,,,,,,,,,,,,,,,,,,,,,,,,,,,,,,,,,,,,,,,,,,,,,,,,,,,,,,,
,"JOIN VALLEY",,,,,,,,,,,,,,,,,,,,,,,,,,,,,,,,,,,,,,,,,,,,,,,,,,,,,,
,"Carolina: “The Valley! I think that's the Librarian. You should go and talk to him!”",,,,,,,,,,,,,,,,,,,,,,,,,,,,,,,,,,,,,,,,,,,,,,,,,,,,,,
,,,,,,,,,,,,,,,,,,,,,,,,,,,,,,,,,,,,,,,,,,,,,,,,,,,,,,,
,"CONTEXTUAL ONE LINER TUTORIAL STEPS FOR MILESTONE TECHS:",,,,,,,,,,,,,,,,,,,,,,,,,,,,,,,,,,,,,,,,,,,,,,,,,,,,,,
,,,,,,,,,,,,,,,,,,,,,,,,,,,,,,,,,,,,,,,,,,,,,,,,,,,,,,,
,,,,,,,,,,,,,,,,,,,,,,,,,,,,,,,,,,,,,,,,,,,,,,,,,,,,,,,
,"FigurineWorkshopCount1",,,,,,,,,,,,,,,,,,,,,,,,,,,,,,,,,,,,,,,,,,,,,,,,,,,,,,
,"PotteryWorkshopCount1",,,,,,,,,,,,,,,,,,,,,,,,,,,,,,,,,,,,,,,,,,,,,,,,,,,,,,
,"StatueWorkshopCount1",,,,,,,,,,,,,,,,,,,,,,,,,,,,,,,,,,,,,,,,,,,,,,,,,,,,,,
,"JuicePressCount1",,,,,,,,,,,,,,,,,,,,,,,,,,,,,,,,,,,,,,,,,,,,,,,,,,,,,,
,"WindmillCount1",,,,,,,,,,,,,,,,,,,,,,,,,,,,,,,,,,,,,,,,,,,,,,,,,,,,,,
,"BeehiveCount1",,,,,,,,,,,,,,,,,,,,,,,,,,,,,,,,,,,,,,,,,,,,,,,,,,,,,,
,"TreasuryCount1",,,,,,,,,,,,,,,,,,,,,,,,,,,,,,,,,,,,,,,,,,,,,,,,,,,,,,
,"TechRecipeBread",,,,,,,,,,,,,,,,,,,,,,,,,,,,,,,,,,,,,,,,,,,,,,,,,,,,,,
,"TechRecipeBerryPie",,,,,,,,,,,,,,,,,,,,,,,,,,,,,,,,,,,,,,,,,,,,,,,,,,,,,,
,"TechRecipeBerryCake",,,,,,,,,,,,,,,,,,,,,,,,,,,,,,,,,,,,,,,,,,,,,,,,,,,,,,
,"WarehouseCount1",,,,,,,,,,,,,,,,,,,,,,,,,,,,,,,,,,,,,,,,,,,,,,,,,,,,,,
,"ChickenCoopCount1",,,,,,,,,,,,,,,,,,,,,,,,,,,,,,,,,,,,,,,,,,,,,,,,,,,,,,
,"BrickYardCount1",,,,,,,,,,,,,,,,,,,,,,,,,,,,,,,,,,,,,,,,,,,,,,,,,,,,,,
,"HouseCount4",,,,,,,,,,,,,,,,,,,,,,,,,,,,,,,,,,,,,,,,,,,,,,,,,,,,,,
,"HouseCount5",,,,,,,,,,,,,,,,,,,,,,,,,,,,,,,,,,,,,,,,,,,,,,,,,,,,,,
,"HouseCount6",,,,,,,,,,,,,,,,,,,,,,,,,,,,,,,,,,,,,,,,,,,,,,,,,,,,,,
,"HouseCount7",,,,,,,,,,,,,,,,,,,,,,,,,,,,,,,,,,,,,,,,,,,,,,,,,,,,,,
,"HouseCount8",,,,,,,,,,,,,,,,,,,,,,,,,,,,,,,,,,,,,,,,,,,,,,,,,,,,,,
,"HouseCount9",,,,,,,,,,,,,,,,,,,,,,,,,,,,,,,,,,,,,,,,,,,,,,,,,,,,,,
,"HouseCount10",,,,,,,,,,,,,,,,,,,,,,,,,,,,,,,,,,,,,,,,,,,,,,,,,,,,,,
,"SawmillCount1",,,,,,,,,,,,,,,,,,,,,,,,,,,,,,,,,,,,,,,,,,,,,,,,,,,,,,
,"StoneStorageCount1",,,,,,,,,,,,,,,,,,,,,,,,,,,,,,,,,,,,,,,,,,,,,,,,,,,,,,
,"ItemPotionSpeedBrickmakerLevel1",,,,,,,,,,,,,,,,,,,,,,,,,,,,,,,,,,,,,,,,,,,,,,,,,,,,,,
,"ItemPotionSpeedBrickmakerLevel2",,,,,,,,,,,,,,,,,,,,,,,,,,,,,,,,,,,,,,,,,,,,,,,,,,,,,,
,"ItemPotionSpeedBrickmakerLevel3",,,,,,,,,,,,,,,,,,,,,,,,,,,,,,,,,,,,,,,,,,,,,,,,,,,,,,
,"ItemPotionSpeedClaydiggerLevel1",,,,,,,,,,,,,,,,,,,,,,,,,,,,,,,,,,,,,,,,,,,,,,,,,,,,,,
,"ItemPotionSpeedClaydiggerLevel2",,,,,,,,,,,,,,,,,,,,,,,,,,,,,,,,,,,,,,,,,,,,,,,,,,,,,,
,"ItemPotionSpeedClaydiggerLevel3",,,,,,,,,,,,,,,,,,,,,,,,,,,,,,,,,,,,,,,,,,,,,,,,,,,,,,
,"ItemPotionSpeedFarmerLevel1",,,,,,,,,,,,,,,,,,,,,,,,,,,,,,,,,,,,,,,,,,,,,,,,,,,,,,
,"ItemPotionSpeedFarmerLevel2",,,,,,,,,,,,,,,,,,,,,,,,,,,,,,,,,,,,,,,,,,,,,,,,,,,,,,
,"ItemPotionSpeedFarmerLevel3",,,,,,,,,,,,,,,,,,,,,,,,,,,,,,,,,,,,,,,,,,,,,,,,,,,,,,
,"ItemPotionSpeedLumberjackLevel1",,,,,,,,,,,,,,,,,,,,,,,,,,,,,,,,,,,,,,,,,,,,,,,,,,,,,,
,"ItemPotionSpeedLumberjackLevel2",,,,,,,,,,,,,,,,,,,,,,,,,,,,,,,,,,,,,,,,,,,,,,,,,,,,,,
,"ItemPotionSpeedLumberjackLevel3",,,,,,,,,,,,,,,,,,,,,,,,,,,,,,,,,,,,,,,,,,,,,,,,,,,,,,
,"ItemPotionSpeedResearcherLevel1",,,,,,,,,,,,,,,,,,,,,,,,,,,,,,,,,,,,,,,,,,,,,,,,,,,,,,
,"ItemPotionSpeedResearcherLevel2",,,,,,,,,,,,,,,,,,,,,,,,,,,,,,,,,,,,,,,,,,,,,,,,,,,,,,
,"ItemPotionSpeedResearcherLevel3",,,,,,,,,,,,,,,,,,,,,,,,,,,,,,,,,,,,,,,,,,,,,,,,,,,,,,
,"ItemPotionSpeedSawyerLevel1",,,,,,,,,,,,,,,,,,,,,,,,,,,,,,,,,,,,,,,,,,,,,,,,,,,,,,
,"ItemPotionSpeedSawyerLevel2",,,,,,,,,,,,,,,,,,,,,,,,,,,,,,,,,,,,,,,,,,,,,,,,,,,,,,
,"ItemPotionSpeedSawyerLevel3",,,,,,,,,,,,,,,,,,,,,,,,,,,,,,,,,,,,,,,,,,,,,,,,,,,,,,
,"ItemPotionSpeedStonemasonLevel1",,,,,,,,,,,,,,,,,,,,,,,,,,,,,,,,,,,,,,,,,,,,,,,,,,,,,,
,"ItemPotionSpeedStonemasonLevel2",,,,,,,,,,,,,,,,,,,,,,,,,,,,,,,,,,,,,,,,,,,,,,,,,,,,,,
,"ItemPotionSpeedStonemasonLevel3",,,,,,,,,,,,,,,,,,,,,,,,,,,,,,,,,,,,,,,,,,,,,,,,,,,,,,
,"AppleTreeGroveCount1",,,,,,,,,,,,,,,,,,,,,,,,,,,,,,,,,,,,,,,,,,,,,,,,,,,,,,
,"TechRecipeSugarApple",,,,,,,,,,,,,,,,,,,,,,,,,,,,,,,,,,,,,,,,,,,,,,,,,,,,,,
,"TechRecipeHoneyCookie",,,,,,,,,,,,,,,,,,,,,,,,,,,,,,,,,,,,,,,,,,,,,,,,,,,,,,
,"TechRecipeFishPie",,,,,,,,,,,,,,,,,,,,,,,,,,,,,,,,,,,,,,,,,,,,,,,,,,,,,,
,"TechRecipeApplePie",,,,,,,,,,,,,,,,,,,,,,,,,,,,,,,,,,,,,,,,,,,,,,,,,,,,,,
,"TechRecipeCakeRoyale",,,,,,,,,,,,,,,,,,,,,,,,,,,,,,,,,,,,,,,,,,,,,,,,,,,,,,
,"TechRecipeSaltedFish",,,,,,,,,,,,,,,,,,,,,,,,,,,,,,,,,,,,,,,,,,,,,,,,,,,,,,
,"TechRecipeSaltPot",,,,,,,,,,,,,,,,,,,,,,,,,,,,,,,,,,,,,,,,,,,,,,,,,,,,,,
,"TechRecipeHoneyPot",,,,,,,,,,,,,,,,,,,,,,,,,,,,,,,,,,,,,,,,,,,,,,,,,,,,,,
,"TechRecipeAppleJam",,,,,,,,,,,,,,,,,,,,,,,,,,,,,,,,,,,,,,,,,,,,,,,,,,,,,,
,"TechRecipeSweetHerring",,,,,,,,,,,,,,,,,,,,,,,,,,,,,,,,,,,,,,,,,,,,,,,,,,,,,,
,"TechRecipeDyeRed",,,,,,,,,,,,,,,,,,,,,,,,,,,,,,,,,,,,,,,,,,,,,,,,,,,,,,
,"TechRecipeDyeYellow",,,,,,,,,,,,,,,,,,,,,,,,,,,,,,,,,,,,,,,,,,,,,,,,,,,,,,
,"TechRecipeDyeBlue",,,,,,,,,,,,,,,,,,,,,,,,,,,,,,,,,,,,,,,,,,,,,,,,,,,,,,
,"TechRecipeDyeGreen",,,,,,,,,,,,,,,,,,,,,,,,,,,,,,,,,,,,,,,,,,,,,,,,,,,,,,
,"TechRecipeDyeOrange",,,,,,,,,,,,,,,,,,,,,,,,,,,,,,,,,,,,,,,,,,,,,,,,,,,,,,
,"TechRecipeDyePurple",,,,,,,,,,,,,,,,,,,,,,,,,,,,,,,,,,,,,,,,,,,,,,,,,,,,,,
,"TechRecipeDyeRainbow",,,,,,,,,,,,,,,,,,,,,,,,,,,,,,,,,,,,,,,,,,,,,,,,,,,,,,
,"TechRecipePlushie",,,,,,,,,,,,,,,,,,,,,,,,,,,,,,,,,,,,,,,,,,,,,,,,,,,,,,
,"TechRecipeRuneGame",,,,,,,,,,,,,,,,,,,,,,,,,,,,,,,,,,,,,,,,,,,,,,,,,,,,,,
,"TechRecipeWoodenDuck",,,,,,,,,,,,,,,,,,,,,,,,,,,,,,,,,,,,,,,,,,,,,,,,,,,,,,
,"TechRecipeMarbles",,,,,,,,,,,,,,,,,,,,,,,,,,,,,,,,,,,,,,,,,,,,,,,,,,,,,,
,"TechRecipeWoodenDoll",,,,,,,,,,,,,,,,,,,,,,,,,,,,,,,,,,,,,,,,,,,,,,,,,,,,,,
,"TechRecipeSocks",,,,,,,,,,,,,,,,,,,,,,,,,,,,,,,,,,,,,,,,,,,,,,,,,,,,,,
,"TechRecipeTrousers",,,,,,,,,,,,,,,,,,,,,,,,,,,,,,,,,,,,,,,,,,,,,,,,,,,,,,
,"TechRecipeHat",,,,,,,,,,,,,,,,,,,,,,,,,,,,,,,,,,,,,,,,,,,,,,,,,,,,,,
,"TechRecipeTunic",,,,,,,,,,,,,,,,,,,,,,,,,,,,,,,,,,,,,,,,,,,,,,,,,,,,,,
,"TechRecipeShirt",,,,,,,,,,,,,,,,,,,,,,,,,,,,,,,,,,,,,,,,,,,,,,,,,,,,,,
,"TechRecipeDress",,,,,,,,,,,,,,,,,,,,,,,,,,,,,,,,,,,,,,,,,,,,,,,,,,,,,,
,"TechRecipeJacket",,,,,,,,,,,,,,,,,,,,,,,,,,,,,,,,,,,,,,,,,,,,,,,,,,,,,,
,"TechRecipeRainbowSuit",,,,,,,,,,,,,,,,,,,,,,,,,,,,,,,,,,,,,,,,,,,,,,,,,,,,,,
,"Education",,,,,,,,,,,,,,,,,,,,,,,,,,,,,,,,,,,,,,,,,,,,,,,,,,,,,,
,,,,,,,,,,,,,,,,,,,,,,,,,,,,,,,,,,,,,,,,,,,,,,,,,,,,,,,
,,,,,,,,,,,,,,,,,,,,,,,,,,,,,,,,,,,,,,,,,,,,,,,,,,,,,,,
"ClaimLibrary",,"TRUE",,,,,"ClaimBuilding","Library",,,,,,,"100",,,,,1,,,,,,,,,,,,,,,,,,,,,,,,,,,,,,,,,,,
"ClaimClayStorage",,"TRUE",,,,,"ClaimBuilding","ClayStorage",,,,,,,"100",,,,,2,,,,,,,,,,,,,,,,,,,,,,,,,,,,,,,,,,,
"ClaimChickenCoop",,"TRUE",,,,,"ClaimBuilding","ChickenCoop",,,,,,,"100",,,,,3,,,,,,,,,,,,,,,,,,,,,,,,,,,,,,,,,,,
"ClayPitRestore","Point to specific Clay Pit (the one you play around in the tutorial). Coordinate 41,48.","TRUE",,,,,"StartUpgrading","ClayPit",1,,,,,,"100",,,,,,,,,,,,,,,,,,,,,,,,,,,,,,,,,,,,,,,,
"EvergroveRestore","Point to specific Evergrove OR point to all Evergroves and let the player choose?","TRUE",,,,,"StartUpgrading","ManagedForest",1,,,,,,"100",,,,,,,,,,,,,,,,,,,,,,,,,,,,,,,,,,,,,,,,
"ClaimFigurineWorkshop",,"TRUE",,,,,"ClaimBuilding","FigurineWorkshop",,,,,,,"100",,,,,3,,,,,,,,,,,,,,,,,,,,,,,,,,,,,,,,,,,
,,,,,,,,,,,,,,,,,,,,,,,,,,,,,,,,,,,,,,,,,,,,,,,,,,,,,,,
,,,,,,,,,,,,,,,,,,,,,,,,,,,,,,,,,,,,,,,,,,,,,,,,,,,,,,,
,,,,,,,,,,,,,,,,,,,,,,,,,,,,,,,,,,,,,,,,,,,,,,,,,,,,,,,
,,,,,,,,,,,,,,,,,,,,,,,,,,,,,,,,,,,,,,,,,,,,,,,,,,,,,,,
"ClaimNationTech",,"TRUE",,,,,"ClaimResearch","Nation",,,,,,,"100",,,,,,,,,,,,,,,,,,,,,,,,,,,,,,,,,,,,,,,,
"EnterNamePre",,,,,,,"Text",,,,,,,,"100",,,,,,"Nation",,,,,,,,,,,,,,"TRUE",,"Librarian_Lecturing","bottom","TID_TUTORIAL_ENTERNAMEPRE",,,,,,,,,,,,,,,,
"EnterName",,,,,,,"EnterName",,,,,,,,"100",,,,,,"Nation",,,,,,,,,,,,,,,,,,,,,,,,,,,,,,,,,,
"EnterNameSuccess",,,,"EnterName",,,"Text",,,,,,"TRUE",,"100",,,,,,,,,,,,,,,,,,,,"TRUE","NationButton","Librarian","top","TID_TUTORIAL_ENTERNAMESUCCESS",,,,,,,,,,,,,,,,
,,,,,,,,,,,,,,,,,,,,,,,,,,,,,,,,,,,,,,,,,,,,,,,,,,,,,,,
"JoinNation",,,,,,,"JoinNation",,,,,,"TRUE",,"100",,,,,,,,,,,,,,,,,,,,,,,,,,,,,,,,,,,,,,,,"TRUE"
"JoinedNationA",,"TRUE",,"JoinNation",,,"Text",,,,,,"TRUE",,"100",,,,,,,,2000,,,,,,,,,,,,"TRUE",,"Librarian","bottom","TID_TUTORIAL_JOINEDNATIONA",,,,,,,,,,,,,,,,
"JoinedNationB",,,,"JoinNation",,,"Text",,,,,,"TRUE",,"100",,,,,,,,,,,,,,,,,,,,"TRUE",,"Librarian_Cheerful","bottom","TID_TUTORIAL_JOINEDNATIONB",,,,,,,,,,,,,,,,
"JoinedNationC",,,,"JoinNation",,,"Text",,,,,,"TRUE",,"100",,,,,,,,,,,,,,,,,,,,"TRUE",,"Carolina_Cheerful","bottom_character_right","TID_TUTORIAL_JOINEDNATIONC",,,,,,,,,,,,,,,,
"JoinedNationD",,,,"JoinNation",,,"Text",,,,,,"TRUE",,"100",,,,,,,,,,,,,,,,,,,,"TRUE",,"Librarian_Lecturing","bottom","TID_TUTORIAL_JOINEDNATIOND",,,,,,,,,,,,,,,,
,,,,,,,,,,,,,,,,,,,,,,,,,,,,,,,,,,,,,,,,,,,,,,,,,,,,,,,
"IntroSheepPastureA",,,,"JoinedNationD",,,"Text",,,"BuildingTapped","SheepPasture",1,"TRUE",,"100",,,,,,,,,,,"TRUE",,,,,,,,,"TRUE","NationBuildingSheepPasture","Shepherd","bottom","TID_TUTORIAL_INTROSHEEPPASTUREA",,,,,,,,,,,,,,,,
,,,,,,,,,,,,,,,,,,,,,,,,,,,,,,,,,,,,,,,,,,,,,,,,,,,,,,,
"IntroNationTailorA",,,,"JoinedNationD",,,"Text",,,"BuildingTapped","NationTailor",1,"TRUE",,"100",,,,,,,,,,,"TRUE",,,,,,,,,"TRUE","NationBuildingNationTailor","Tailor","bottom","TID_TUTORIAL_INTRONATIONTAILORA",,,,,,,,,,,,,,,,
"IntroNationTailorB",,,,"JoinedNationD",,,"Text",,,"BuildingTapped","NationTailor",1,"TRUE",,"100",,,,,,,,,,,"TRUE",,,,,,,,,"TRUE","NationBuildingNationTailor","Tailor","bottom","TID_TUTORIAL_INTRONATIONTAILORB",,,,,,,,,,,,,,,,
,,,,,,,,,,,,,,,,,,,,,,,,,,,,,,,,,,,,,,,,,,,,,,,,,,,,,,,
"IntroNationHarbourA",,,,"JoinedNationD",,,"Text",,,"BuildingTapped","NationHarbour",1,"TRUE",,"100",,,,,,,,,,,"TRUE",,,,,,,,,"TRUE","NationBuildingNationHarbour","HarbourMaster","bottom","TID_TUTORIAL_INTRONATIONHARBOURA",,,,,,,,,,,,,,,,
"IntroNationHarbourB",,,,"JoinedNationD",,,"Text",,,"BuildingTapped","NationHarbour",1,"TRUE",,"100",,,,,,,,,,,"TRUE",,,,,,,,,"TRUE","NationBuildingNationHarbour","HarbourMaster","bottom","TID_TUTORIAL_INTRONATIONHARBOURB",,,,,,,,,,,,,,,,
,,,,,,,,,,,,,,,,,,,,,,,,,,,,,,,,,,,,,,,,,,,,,,,,,,,,,,,
"IntroNationLibraryA",,,,"JoinedNationD",,,"Text",,,"BuildingTapped","Castle",1,"TRUE",,"100",,,,,,,,,,,"TRUE",,,,,,,,,"TRUE","NationBuildingCastle","Librarian","bottom","TID_TUTORIAL_INTRONATIONLIBRARYA",,,,,,,,,,,,,,,,
,,,,,,,,,,,,,,,,,,,,,,,,,,,,,,,,,,,,,,,,,,,,,,,,,,,,,,,
"IntroWheatFieldA",,,,"JoinedNationD",,,"Text",,,"BuildingTapped","WheatField",1,"TRUE",,"100",,,,,,,,,,,"TRUE",,,,,,,,,"TRUE","NationBuildingWheatField","Farmers","bottom","TID_TUTORIAL_INTROWHEATFIELDA",,,,,,,,,,,,,,,,
,,,,,,,,,,,,,,,,,,,,,,,,,,,,,,,,,,,,,,,,,,,,,,,,,,,,,,,
"IntroNationBakeryA",,,,"JoinedNationD",,,"Text",,,"BuildingTapped","NationBakery",1,"TRUE",,"100",,,,,,,,,,,"TRUE",,,,,,,,,"TRUE","NationBuildingNationBakery","Baker","bottom","TID_TUTORIAL_INTRONATIONBAKERYA",,,,,,,,,,,,,,,,
,,,,,,,,,,,,,,,,,,,,,,,,,,,,,,,,,,,,,,,,,,,,,,,,,,,,,,,
"IntroNationPotionMakerA",,,,"JoinedNationD",,,"Text",,,"BuildingTapped","NationPotionMaker",1,"TRUE",,"100",,,,,,,,,,,"TRUE",,,,,,,,,"TRUE","NationBuildingNationPotionMaker","PotionMaker","bottom","TID_TUTORIAL_INTRONATIONPOTIONMAKERA",,,,,,,,,,,,,,,,
,,,,,,,,,,,,,,,,,,,,,,,,,,,,,,,,,,,,,,,,,,,,,,,,,,,,,,,
"IntroNationBoatSite1A",,,,"JoinedNationD",,,"Text",,,"BuildingTapped","BoatSite1",1,"TRUE",,"100",,,,,,,,,,,"TRUE",,,,,,,,,"TRUE","NationBuildingBoatSite1","HarbourMaster","bottom","TID_TUTORIAL_INTRONATIONBOATSITE1A",,,,,,,,,,,,,,,,
"IntroNationBoatSite2A",,,,"JoinedNationD",,,"Text",,,"BuildingTapped","BoatSite2",1,"TRUE",,"100",,,,,,,,,,,"TRUE",,,,,,,,,"TRUE","NationBuildingBoatSite2","HarbourMaster","bottom","TID_TUTORIAL_INTRONATIONBOATSITE2A",,,,,,,,,,,,,,,,
,,,,,,,,,,,,,,,,,,,,,,,,,,,,,,,,,,,,,,,,,,,,,,,,,,,,,,,
,,,,,,,,,,,,,,,,,,,,,,,,,,,,,,,,,,,,,,,,,,,,,,,,,,,,,,,
"IntroReputation",,,,"JoinedNationD",,,"Text",,,"ReputationButton",,,"TRUE",,"100",,,,,,,,,,"TRUE",,,,,,,,,,"TRUE",,"Librarian","bottom","TID_TUTORIAL_INTROREPUTATION",,,,,,,,,,,,,,,,
,,,,,,,,,,,,,,,,,,,,,,,,,,,,,,,,,,,,,,,,,,,,,,,,,,,,,,,
,,,,,,,,,,,,,,,,,,,,,,,,,,,,,,,,,,,,,,,,,,,,,,,,,,,,,,,
,,,,,,,,,,,,,,,,,,,,,,,,,,,,,,,,,,,,,,,,,,,,,,,,,,,,,,,
,,,,,,,,,,,,,,,,,,,,,,,,,,,,,,,,,,,,,,,,,,,,,,,,,,,,,,,
,,,,,,,,,,,,,,,,,,,,,,,,,,,,,,,,,,,,,,,,,,,,,,,,,,,,,,,
,,,,,,,,,,,,,,,,,,,,,,,,,,,,,,,,,,,,,,,,,,,,,,,,,,,,,,,
,,,,,,,,,,,,,,,,,,,,,,,,,,,,,,,,,,,,,,,,,,,,,,,,,,,,,,,
,,,,,,,,,,,,,,,,,,,,,,,,,,,,,,,,,,,,,,,,,,,,,,,,,,,,,,,
,"VALLEY TUTORIAL",,,,,,,,,,,,,,,,,,,,,,,,,,,,,,,,,,,,,,,,,,,,,,,,,,,,,,
,,,,,,,,,,,,,,,,,,,,,,,,,,,,,,,,,,,,,,,,,,,,,,,,,,,,,,,
,"Librarian: “I believe the Shepherd needs some help”",,,,,,,,,,,,,,,,,,,,,,,,,,,,,,,,,,,,,,,,,,,,,,,,,,,,,,
,"Shepherd: “There's so much wool”",,,,,,,,,,,,,,,,,,,,,,,,,,,,,,,,,,,,,,,,,,,,,,,,,,,,,,
,"Sped up wool harvest: get 10 wool",,,,,,,,,,,,,,,,,,,,,,,,,,,,,,,,,,,,,,,,,,,,,,,,,,,,,,
,,,,,,,,,,,,,,,,,,,,,,,,,,,,,,,,,,,,,,,,,,,,,,,,,,,,,,,
,"Harbor master: “Hey newcomer! So glad you're here.”",,,,,,,,,,,,,,,,,,,,,,,,,,,,,,,,,,,,,,,,,,,,,,,,,,,,,,
,"Harbor master: “There's lots of demand for this Valley's products in other worlds. Trade some of that wool to the ship in the harbor”",,,,,,,,,,,,,,,,,,,,,,,,,,,,,,,,,,,,,,,,,,,,,,,,,,,,,,
,"Boat designated to you",,,,,,,,,,,,,,,,,,,,,,,,,,,,,,,,,,,,,,,,,,,,,,,,,,,,,,
,"No other boats that can be used",,,,,,,,,,,,,,,,,,,,,,,,,,,,,,,,,,,,,,,,,,,,,,,,,,,,,,
,"Go to boat and trade wool (wool task)",,,,,,,,,,,,,,,,,,,,,,,,,,,,,,,,,,,,,,,,,,,,,,,,,,,,,,
,"Also a wool socks tasks",,,,,,,,,,,,,,,,,,,,,,,,,,,,,,,,,,,,,,,,,,,,,,,,,,,,,,
,"Harbor master: “Great work! Check out if the Master Tailor could make you some socks with the remaining wool”",,,,,,,,,,,,,,,,,,,,,,,,,,,,,,,,,,,,,,,,,,,,,,,,,,,,,,
,"Tailor: “Hey there! If you give me the materials I can make some quality products for you”",,,,,,,,,,,,,,,,,,,,,,,,,,,,,,,,,,,,,,,,,,,,,,,,,,,,,,
,"Crafting tutorial",,,,,,,,,,,,,,,,,,,,,,,,,,,,,,,,,,,,,,,,,,,,,,,,,,,,,,
,"Sped up first time crafting ",,,,,,,,,,,,,,,,,,,,,,,,,,,,,,,,,,,,,,,,,,,,,,,,,,,,,,
,,,,,,,,,,,,,,,,,,,,,,,,,,,,,,,,,,,,,,,,,,,,,,,,,,,,,,,
,,,,,,,,,,,,,,,,,,,,,,,,,,,,,,,,,,,,,,,,,,,,,,,,,,,,,,,
,"VALLEY TUTORIAL LITE",,,,,,,,,,,,,,,,,,,,,,,,,,,,,,,,,,,,,,,,,,,,,,,,,,,,,,
,"JUST SPEECHBUBBLES",,,,,,,,,,,,,,,,,,,,,,,,,,,,,,,,,,,,,,,,,,,,,,,,,,,,,,
,,,,,,,,,,,,,,,,,,,,,,,,,,,,,,,,,,,,,,,,,,,,,,,,,,,,,,,
,"Librarian: “I believe the Shepherd needs some help”",,,,,,,,,,,,,,,,,,,,,,,,,,,,,,,,,,,,,,,,,,,,,,,,,,,,,,
,"Shepherd: “There's so much wool. Help me out to sheer the wool off these sheep!”",,,,,,,,,,,,,,,,,,,,,,,,,,,,,,,,,,,,,,,,,,,,,,,,,,,,,,
,"Harbor master: “Hey newcomer! Once you get some of that wool you can trade it in the boats at the harbor.”",,,,,,,,,,,,,,,,,,,,,,,,,,,,,,,,,,,,,,,,,,,,,,,,,,,,,,
,"Tailor: “Hi! If you have any wool left visit me at my workshop and I'll make some quality products for you”",,,,,,,,,,,,,,,,,,,,,,,,,,,,,,,,,,,,,,,,,,,,,,,,,,,,,,
,,,,,,,,,,,,,,,,,,,,,,,,,,,,,,,,,,,,,,,,,,,,,,,,,,,,,,,
,,,,,,,,,,,,,,,,,,,,,,,,,,,,,,,,,,,,,,,,,,,,,,,,,,,,,,,
,"CONTEXTUAL TUTORIALS:",,,,,,,,,,,,,,,,,,,,,,,,,,,,,,,,,,,,,,,,,,,,,,,,,,,,,,
,,,,,,,,,,,,,,,,,,,,,,,,,,,,,,,,,,,,,,,,,,,,,,,,,,,,,,,
,"VALLEY",,,,,,,,,,,,,,,,,,,,,,,,,,,,,,,,,,,,,,,,,,,,,,,,,,,,,,
,"Intro every valley building when they're built",,,,,,,,,,,,,,,,,,,,,,,,,,,,,,,,,,,,,,,,,,,,,,,,,,,,,,
,"Elder status (start construction, research)",,,,,,,,,,,,,,,,,,,,,,,,,,,,,,,,,,,,,,,,,,,,,,,,,,,,,,
,"Constructing in Valley",,,,,,,,,,,,,,,,,,,,,,,,,,,,,,,,,,,,,,,,,,,,,,,,,,,,,,
,"Research in Valley",,,,,,,,,,,,,,,,,,,,,,,,,,,,,,,,,,,,,,,,,,,,,,,,,,,,,,
,"Reputation",,,,,,,,,,,,,,,,,,,,,,,,,,,,,,,,,,,,,,,,,,,,,,,,,,,,,,
,"Education unlocked. Guild master.",,,,,,,,,,,,,,,,,,,,,,,,,,,,,,,,,,,,,,,,,,,,,,,,,,,,,,
,,,,,,,,,,,,,,,,,,,,,,,,,,,,,,,,,,,,,,,,,,,,,,,,,,,,,,,
,"VILLAGE",,,,,,,,,,,,,,,,,,,,,,,,,,,,,,,,,,,,,,,,,,,,,,,,,,,,,,
,"All new products and recipes could have a text only tutorial to them to add a little bit of flavor",,,,,,,,,,,,,,,,,,,,,,,,,,,,,,,,,,,,,,,,,,,,,,,,,,,,,,
,"Eggs should have explanation of mechanics",,,,,,,,,,,,,,,,,,,,,,,,,,,,,,,,,,,,,,,,,,,,,,,,,,,,,,
,"Windmill should have explanation of mechnics",,,,,,,,,,,,,,,,,,,,,,,,,,,,,,,,,,,,,,,,,,,,,,,,,,,,,,
,"Figurines should have explanation of mechanics",,,,,,,,,,,,,,,,,,,,,,,,,,,,,,,,,,,,,,,,,,,,,,,,,,,,,,
,"But it might be enough to also for those have just have text only tutorial with some character talking about it",,,,,,,,,,,,,,,,,,,,,,,,,,,,,,,,,,,,,,,,,,,,,,,,,,,,,,
,,,,,,,,,,,,,,,,,,,,,,,,,,,,,,,,,,,,,,,,,,,,,,,,,,,,,,,
,,,,,,,,,,,,,,,,,,,,,,,,,,,,,,,,,,,,,,,,,,,,,,,,,,,,,,,
,,,,,,,,,,,,,,,,,,,,,,,,,,,,,,,,,,,,,,,,,,,,,,,,,,,,,,,
,,,,,,,,,,,,,,,,,,,,,,,,,,,,,,,,,,,,,,,,,,,,,,,,,,,,,,,
"WelcomeA3",,"TRUE",,"WelcomeA2",,,"Text",,,,,,,,"100",,,,,1,,,,,,,,,,,,,,,,,"Carolina_Flip","bottom_character_right","TID_TUTORIAL_WELCOMEA3",,,"TRUE","TRUE","TRUE","TRUE","TRUE","TRUE","TRUE","TRUE","TRUE","TRUE","TRUE",,,
"Home3ClaimedDialogueB",,"TRUE",,"Home3ClaimedDialogueA",,,"Text",,,,,,,,"100",,,,2,2,,,,,,,,,,,,,,,,,"Librarian","bottom","TID_TUTORIAL_HOME3CLAIMEDDIALOGUEB",,,"TRUE","TRUE","TRUE","TRUE","TRUE","TRUE","TRUE","TRUE","TRUE","TRUE",,,,
