"Name","TID","InfoTitleTID","InfoTID","NPCGreetingTID","ConstructionTech","BuildingClass","ShopBuildingClass","GroundLayer","IconSWF","XP","SCW","SCWUpgrade","SCWConstruction","SCWConstructionExtra","SCWClaim","SCWUiBase","CollisionShape","Scale","BeginBuildResource","BeginBuildCost","BuildResource1","BuildCost1","BuildResource2","BuildCost2","BuildResource3","BuildCost3","BuildResource4","BuildCost4","BuildResource5","BuildCost5","BuildResource6","BuildCost6","MoveResource","ColorizeMaterials","MoveCost","TownHallLevel","CastleLevel","Width","Height","WalkableBorder","IgnoreAdjacentBuildingSpace","ObstacleGrowthDistance","Icon","MaxStoredWood","MaxStoredBread","MaxStoredStone","MaxStoredFood","MaxStoredClay","MaxStoredPotionIngredient1","MaxStoredPotionIngredient2","MaxStoredPotionIngredient3","MaxStoredPotionIngredient4","MaxStoredPotionIngredient5","MaxStoredPotionIngredient6","MaxStoredCoins","MaxStoredWool","MaxStoredWheat","MaxStoredBerry","MaxStoredMushroom","MaxStoredEgg","MaxStoredMushroomPie","MaxStoredBerryCake","MaxStoredFish","MaxStoredCotton","MaxStoredIndigo","MaxStoredSugar","MaxStoredSalt","MaxStoredSugarApple","MaxStoredHoneyCookie","MaxStoredFishPie","MaxStoredApplePie","MaxStoredCakeRoyale","MaxStoredSaltedFish","MaxStoredSaltPot","MaxStoredHoneyPot","MaxStoredAppleJam","MaxStoredSweetHerring","MaxStoredDyeRed","MaxStoredDyeYellow","MaxStoredDyeBlue","MaxStoredDyeGreen","MaxStoredDyeOrange","MaxStoredDyePurple","MaxStoredDyeRainbow","MaxStoredPlushie","MaxStoredRuneGame","MaxStoredWoodenDuck","MaxStoredMarbles","MaxStoredWoodenDoll","MaxStoredSocks","MaxStoredTrousers","MaxStoredHat","MaxStoredTunic","MaxStoredShirt","MaxStoredDress","MaxStoredJacket","MaxStoredRainbowSuit","MaxStoredFigurine","MaxStoredPottery","MaxStoredStatuette","MaxStoredAppleJuice","MaxStoredFlour","MaxStoredHoney","MaxStoredApple","StartingResourcePercent","Profession","MaxWorkers","MaxRequestedWorkers","MaxAutomaticallyProducedResources","ProducesResource","ResourceBatchSeconds","ResourceBatchSize","ResourceMax","InputResource","InputResourceType","InputPerBatch","HarvestResource","WorkPos1","WorkAnim1","WorkPos2","WorkAnim2","PickUpEffect","PlacingEffect","RedMul","GreenMul","BlueMul","RedAdd","GreenAdd","BlueAdd","AmountCanBeUpgraded","Workers","SpawnResourceData","SpawnResourcePlantSeconds","SpawnResourceGrowSeconds","SpawnResourceHarvestSeconds","SpawnCount","SpawnPos1","SpawnPos2","SpawnPos3","SpawnPos4","Passable","SpeedPercentage","RandomDirection","RandomYaw","RandomPitch","RandomScale","RandomBaseDirection","RandomBaseYaw","StoredResourceNodePrefix","RequestAmount","RequestExpiryMinutes","RequestCooldownMinutes","DonationLimit","DonationSeconds","ConstantEffect","Specialty","MaxSpecialtyLevel","GoldCost","Service","ServiceButtonMini","ServiceButtonTab","CraftingSlots","CraftingQueue","NPC","EffectActivePos","EffectActiveName","EffectBoostPos","EffectBoostName","EffectBoostScalePercent","IconCameraZoom","IconCameraY","UIBackgroundExportName","UpgradeSignX","UpgradeSignY","UpgradeSignZ","UpgradeSignScale","LocationSound","AnimationAlwaysOn","VillageTaskProvider","SCWUnconstructed","TerrainHoleSize","DefaultTradePartner","PremiumTradePartner","TouchEffect"
"String","String","String","String","String","int","String","String","boolean","String","int","String","String","String","String","String","String","String","int","String","int","String","int","String","int","String","int","String","int","String","int","String","int","String","String","int","int","int","int","int","int","boolean","int","String","int","int","int","int","int","int","int","int","int","int","int","int","int","int","int","int","int","int","int","int","int","int","int","int","int","int","int","int","int","int","int","int","int","int","int","int","int","int","int","int","int","int","int","int","int","int","int","int","int","int","int","int","int","int","int","int","int","int","int","int","int","int","String","int","int","int","String","int","int","int","String","String","int","String","String","String","String","String","String","String","int","int","int","int","int","int","int","int","String","int","int","int","int","String","String","String","String","boolean","int","boolean","int","int","int","boolean","int","String","int","int","int","int","int","String","String","int","int","String","String","String","int","int","String","String","String","String","String","int","int","int","String","int","int","int","int","String","boolean","boolean","String","int","String","boolean","String"
"Castle","TID_NATION_BUILDING_CASTLE","TID_INFO_TITLE_VALLEY_LIBRARY","TID_NATION_BUILDING_CASTLE_INFO",,1,"Resource",,,,1,"sc3d/bldn_great_library_lv1_geo.glb",,"sc3d/bldn_construction_geo.glb","sc3d/bldn_great_library_lv1_upgrade_geo.glb","sc3d/bldn_great_library_claim_geo.glb","sc3d/ui_base_valley_geo.glb","Castle",100,,,,0,,0,,0,,0,,0,,0,,"bldn_capitol_roof",,,,24,24,1,"false",,,,,,,,,,,,,,,,,,,,,,,,,,,,,,,,,,,,,,,,,,,,,,,,,,,,,,,,,,,,,,,,,,,,,,,,,,,,,,,,,"Generic Pick Up","Generic Placing",,,,,,,,,,,,,,,,,,"false",,,,,,,,,,,,,,,,,,,,,,,"Librarian",,,,"Nation_building_boost_generic",2000,295,129,"bg_image_valley_great_library",1416,-1423,-14,523,"Valley_Tap_Capital",,"false",,0,,,"Valley_Tap_capital"
,,,,,,,,,,1,"sc3d/bldn_great_library_lv2_geo.glb",,,"sc3d/bldn_great_library_lv2_upgrade_geo.glb",,,,,,,"Coins",400,"Clay",250,,,,,,,,,,,,,,,,,,,,,,,,,,,,,,,,,,,,,,,,,,,,,,,,,,,,,,,,,,,,,,,,,,,,,,,,,,,,,,,,,,,,,,,,,,,,,,,,,,,,,,,,,,,,,,,,,,,,,,,,,,,,,,,,,,,,,,,,,,,,,,,,,,,,,,,,,,,,,,,,
,,,,,,,,,,1,"sc3d/bldn_great_library_lv3_geo.glb",,,"sc3d/bldn_great_library_lv3_upgrade_geo.glb",,,,,,,"Coins",1500,"Clay",400,"Stone",300,"Wood",500,,,,,,,,,,,,,,,,,,,,,,,,,,,,,,,,,,,,,,,,,,,,,,,,,,,,,,,,,,,,,,,,,,,,,,,,,,,,,,,,,,,,,,,,,,,,,,,,,,,,,,,,,,,,,,,,,,,,,,,,,,,,,,,,,,,,,,,,,,,,,,,,,,,,,,,,,,,,
,,,,,,,,,,1,"sc3d/bldn_great_library_lv4_geo.glb",,,"sc3d/bldn_great_library_lv4_upgrade_geo.glb",,,,,,,"Coins",4100,"Stone",1160,"Clay",1150,"Wood",1110,,,,,,,,,,,,,,,,,,,,,,,,,,,,,,,,,,,,,,,,,,,,,,,,,,,,,,,,,,,,,,,,,,,,,,,,,,,,,,,,,,,,,,,,,,,,,,,,,,,,,,,,,,,,,,,,,,,,,,,,,,,,,,,,,,,,,,,,,,,,,,,,,,,,,,,,,,,,
,,,,,,,,,,1,"sc3d/bldn_great_library_lv5_geo.glb",,,"sc3d/bldn_great_library_lv5_upgrade_geo.glb",,,,,,,"Coins",6500,"Stone",1620,"Clay",1750,"Wood",1820,,,,,,,,,,,,,,,,,,,,,,,,,,,,,,,,,,,,,,,,,,,,,,,,,,,,,,,,,,,,,,,,,,,,,,,,,,,,,,,,,,,,,,,,,,,,,,,,,,,,,,,,,,,,,,,,,,,,,,,,,,,,,,,,,,,,,,,,,,,,,,,,,,,,,,,,,,,,
,,,,,,,,,,1,"sc3d/bldn_great_library_lv6_geo.glb",,,"sc3d/bldn_great_library_lv6_upgrade_geo.glb",,,,,,,"Coins",10000,"Stone",2600,"Clay",2800,"Wood",2800,,,,,,,,,,,,,,,,,,,,,,,,,,,,,,,,,,,,,,,,,,,,,,,,,,,,,,,,,,,,,,,,,,,,,,,,,,,,,,,,,,,,,,,,,,,,,,,,,,,,,,,,,,,,,,,,,,,,,,,,,,,,,,,,,,,,,,,,,,,,,,,,,,,,,,,,,,,,
,,,,,,,,,,1,"sc3d/bldn_great_library_lv7_geo.glb",,,"sc3d/bldn_great_library_lv7_upgrade_geo.glb",,,,,,,"Coins",15000,"Stone",4300,"Brick",1940,"Plank",1720,"Clay",3400,"Wood",3300,,,,,,,,,,,,,,,,,,,,,,,,,,,,,,,,,,,,,,,,,,,,,,,,,,,,,,,,,,,,,,,,,,,,,,,,,,,,,,,,,,,,,,,,,,,,,,,,,,,,,,,,,,,,,,,,,,,,,,,,,,,,,,,,,,,,,,,,,,,,,,,,,,,,,,,,
,,,,,,,,,,1,"sc3d/bldn_great_library_lv8_geo.glb",,,"sc3d/bldn_great_library_lv8_upgrade_geo.glb",,,,,,,"Coins",19000,"Brick",3100,"Clay",6200,"Stone",4900,"Plank",2100,"Wood",4600,,,,,,,,,,,,,,,,,,,,,,,,,,,,,,,,,,,,,,,,,,,,,,,,,,,,,,,,,,,,,,,,,,,,,,,,,,,,,,,,,,,,,,,,,,,,,,,,,,,,,,,,,,,,,,,,,,,,,,,,,,,,,,,,,,,,,,,,,,,,,,,,,,,,,,,,
,,,,,,,,,,1,"sc3d/bldn_great_library_lv9_geo.glb",,,"sc3d/bldn_great_library_lv9_upgrade_geo.glb",,,,,,,"Coins",26000,"Plank",4400,"Brick",3900,"Stone",7000,"Clay",6800,"Wood",6400,,,,,,,,,,,,,,,,,,,,,,,,,,,,,,,,,,,,,,,,,,,,,,,,,,,,,,,,,,,,,,,,,,,,,,,,,,,,,,,,,,,,,,,,,,,,,,,,,,,,,,,,,,,,,,,,,,,,,,,,,,,,,,,,,,,,,,,,,,,,,,,,,,,,,,,,
,,,,,,,,,,1,"sc3d/bldn_great_library_lv10_geo.glb",,,,,,,,,,"Coins",34000,"Plank",6100,"Brick",5500,"Stone",10000,"Clay",9000,"Wood",9000,,,,,,,,,,,,,,,,,,,,,,,,,,,,,,,,,,,,,,,,,,,,,,,,,,,,,,,,,,,,,,,,,,,,,,,,,,,,,,,,,,,,,,,,,,,,,,,,,,,,,,,,,,,,,,,,,,,,,,,,,,,,,,,,,,,,,,,,,,,,,,,,,,,,,,,,
"ResearchAcademy","TID_NATION_BUILDING_RESEARCH_ACADEMY","TID_INFO_TITLE_ACADEMY","TID_NATION_BUILDING_RESEARCH_ACADEMY_INFO",,1,"Guild",,,,1,"sc3d/bldn_guild_researcher_geo.glb",,"sc3d/bldn_construction_geo.glb",,"sc3d/bldn_building_claim_geo.glb","sc3d/ui_base_valley_geo.glb","Academy",100,,,"Coins",4400,"Stone",1140,"Clay",1240,,,,,,,,,,,,24,24,,"false",,,,,,,,,,,,,,,,,,,,,,,,,,,,,,,,,,,,,,,,,,,,,,,,,,,,,,,,,,,,,,,,,"Student",,100,,,,,,,,,,,,,,"Generic Pick Up","Generic Placing",,,,,,,,,,,,,,,,,,"false",,,,,,,,,,,,,,,"Researching",1,,"Guild","button_profession_training_mini","button_profession_training_tab",,,"GuildMaster","pos_effect_fire_small","fire_small_effect",,"Nation_building_boost_generic",2000,296,0,"bg_image_valley_guilds_researching",655,-1041,-27,500,,,"false",,0,,,"Valley_Tap_researcher"
,,,,,,,,,,1,,,,"sc3d/bldn_construction_upgrade_guilds_research.glb",,,,,,,"Coins",4900,"Stone",1230,"Clay",1340,,,,,,,,,,,,,,,,,,,,,,,,,,,,,,,,,,,,,,,,,,,,,,,,,,,,,,,,,,,,,,,,,,,,,,,,,,,,,,,,,,,,,,,,,,,,,,,,,,,,,,,,,,,,,,,,,,,,,,,,,,,,,,,,,,,2,,,,,,,,,,,,,,,,,,,,,,,,,,,
,,,,,,,,,,1,,,,,,,,,,,"Coins",5100,"Stone",1280,"Clay",1380,"Wood",1440,,,,,,,,,,,,,,,,,,,,,,,,,,,,,,,,,,,,,,,,,,,,,,,,,,,,,,,,,,,,,,,,,,,,,,,,,,,,,,,,,,,,,,,,,,,,,,,,,,,,,,,,,,,,,,,,,,,,,,,,,,,,,,,,,3,,,,,,,,,,,,,,,,,,,,,,,,,,,
,,,,,,,,,,1,,,,,,,,,,,"Coins",6900,"Stone",1930,"Clay",2000,"Wood",2100,,,,,,,,,,,,,,,,,,,,,,,,,,,,,,,,,,,,,,,,,,,,,,,,,,,,,,,,,,,,,,,,,,,,,,,,,,,,,,,,,,,,,,,,,,,,,,,,,,,,,,,,,,,,,,,,,,,,,,,,,,,,,,,,,4,,,,,,,,,,,,,,,,,,,,,,,,,,,
,,,,,,,,,,1,,,,,,,,,,,"Coins",9000,"Stone",2900,"Clay",3000,"Wood",3000,"Brick",1010,,,,,,,,,,,,,,,,,,,,,,,,,,,,,,,,,,,,,,,,,,,,,,,,,,,,,,,,,,,,,,,,,,,,,,,,,,,,,,,,,,,,,,,,,,,,,,,,,,,,,,,,,,,,,,,,,,,,,,,,,,,,,,,5,,,,,,,,,,,,,,,,,,,,,,,,,,,
,,,,,,,,,,1,,,,,,,,,,,"Coins",10000,"Stone",3100,"Clay",3200,"Wood",3200,"Brick",1080,,,,,,,,,,,,,,,,,,,,,,,,,,,,,,,,,,,,,,,,,,,,,,,,,,,,,,,,,,,,,,,,,,,,,,,,,,,,,,,,,,,,,,,,,,,,,,,,,,,,,,,,,,,,,,,,,,,,,,,,,,,,,,,6,,,,,,,,,,,,,,,,,,,,,,,,,,,
,,,,,,,,,,1,,,,,,,,,,,"Coins",15000,"Stone",4800,"Clay",4900,"Wood",4800,"Brick",1700,"Plank",1460,,,,,,,,,,,,,,,,,,,,,,,,,,,,,,,,,,,,,,,,,,,,,,,,,,,,,,,,,,,,,,,,,,,,,,,,,,,,,,,,,,,,,,,,,,,,,,,,,,,,,,,,,,,,,,,,,,,,,,,,,,,,,7,,,,,,,,,,,,,,,,,,,,,,,,,,,
,,,,,,,,,,1,,,,,,,,,,,"Coins",25000,"Stone",9000,"Clay",9000,"Wood",9000,"Brick",3200,"Plank",2800,,,,,,,,,,,,,,,,,,,,,,,,,,,,,,,,,,,,,,,,,,,,,,,,,,,,,,,,,,,,,,,,,,,,,,,,,,,,,,,,,,,,,,,,,,,,,,,,,,,,,,,,,,,,,,,,,,,,,,,,,,,,,8,,,,,,,,,,,,,,,,,,,,,,,,,,,
,,,,,,,,,,1,,,,,,,,,,,"Coins",27000,"Stone",10000,"Clay",10000,"Wood",9000,"Brick",3400,"Plank",2900,,,,,,,,,,,,,,,,,,,,,,,,,,,,,,,,,,,,,,,,,,,,,,,,,,,,,,,,,,,,,,,,,,,,,,,,,,,,,,,,,,,,,,,,,,,,,,,,,,,,,,,,,,,,,,,,,,,,,,,,,,,,,9,,,,,,,,,,,,,,,,,,,,,,,,,,,
,,,,,,,,,,1,,,,,,,,,,,"Coins",36000,"Stone",13000,"Clay",13000,"Wood",12000,"Brick",4300,"Plank",3700,,,,,,,,,,,,,,,,,,,,,,,,,,,,,,,,,,,,,,,,,,,,,,,,,,,,,,,,,,,,,,,,,,,,,,,,,,,,,,,,,,,,,,,,,,,,,,,,,,,,,,,,,,,,,,,,,,,,,,,,,,,,,10,,,,,,,,,,,,,,,,,,,,,,,,,,,
"ConstructionAcademy","TID_NATION_BUILDING_CONSTRUCTION_ACADEMY","TID_INFO_TITLE_ACADEMY","TID_NATION_BUILDING_CONSTRUCTION_ACADEMY_INFO",,1,"Guild",,,,1,"sc3d/bldn_guild_builder_geo.glb",,"sc3d/bldn_construction_geo.glb",,"sc3d/bldn_building_claim_geo.glb","sc3d/ui_base_valley_geo.glb","Academy",100,,,"Coins",6600,"Stone",1860,"Wood",2200,,,,,,,,,,,,24,24,,"false",,,,,,,,,,,,,,,,,,,,,,,,,,,,,,,,,,,,,,,,,,,,,,,,,,,,,,,,,,,,,,,,,"Student",,100,,,,,,,,,,,,,,"Generic Pick Up","Generic Placing",,,,,,,,,,,,,,,,,,"false",,,,,,,,,,,,,,,"Construction",1,,"Guild","button_profession_training_mini","button_profession_training_tab",,,"GuildMaster","pos_effect_fire_small","fire_small_effect",,"Nation_building_boost_generic",2000,262,84,"bg_image_valley_guilds_building",864,-848,-42,500,,,"false",,0,,,"Valley_Tap_builder"
,,,,,,,,,,1,,,,"sc3d/bldn_construction_upgrade_guilds_builder.glb",,,,,,,"Coins",8000,"Stone",2100,"Wood",2500,,,,,,,,,,,,,,,,,,,,,,,,,,,,,,,,,,,,,,,,,,,,,,,,,,,,,,,,,,,,,,,,,,,,,,,,,,,,,,,,,,,,,,,,,,,,,,,,,,,,,,,,,,,,,,,,,,,,,,,,,,,,,,,,,,,2,,,,,,,,,,,,,,,,,,,,,,,,,,,
,,,,,,,,,,1,,,,,,,,,,,"Coins",10000,"Stone",3000,"Brick",1340,"Clay",2700,,,,,,,,,,,,,,,,,,,,,,,,,,,,,,,,,,,,,,,,,,,,,,,,,,,,,,,,,,,,,,,,,,,,,,,,,,,,,,,,,,,,,,,,,,,,,,,,,,,,,,,,,,,,,,,,,,,,,,,,,,,,,,,,,3,,,,,,,,,,,,,,,,,,,,,,,,,,,
,,,,,,,,,,1,,,,,,,,,,,"Coins",11000,"Stone",3300,"Brick",1480,"Clay",3000,,,,,,,,,,,,,,,,,,,,,,,,,,,,,,,,,,,,,,,,,,,,,,,,,,,,,,,,,,,,,,,,,,,,,,,,,,,,,,,,,,,,,,,,,,,,,,,,,,,,,,,,,,,,,,,,,,,,,,,,,,,,,,,,,4,,,,,,,,,,,,,,,,,,,,,,,,,,,
,,,,,,,,,,1,,,,,,,,,,,"Coins",13000,"Stone",4300,"Brick",1930,"Clay",3900,"Plank",1500,,,,,,,,,,,,,,,,,,,,,,,,,,,,,,,,,,,,,,,,,,,,,,,,,,,,,,,,,,,,,,,,,,,,,,,,,,,,,,,,,,,,,,,,,,,,,,,,,,,,,,,,,,,,,,,,,,,,,,,,,,,,,,,5,,,,,,,,,,,,,,,,,,,,,,,,,,,
,,,,,,,,,,1,,,,,,,,,,,"Coins",14000,"Stone",4500,"Brick",2000,"Clay",4100,"Plank",1600,,,,,,,,,,,,,,,,,,,,,,,,,,,,,,,,,,,,,,,,,,,,,,,,,,,,,,,,,,,,,,,,,,,,,,,,,,,,,,,,,,,,,,,,,,,,,,,,,,,,,,,,,,,,,,,,,,,,,,,,,,,,,,,6,,,,,,,,,,,,,,,,,,,,,,,,,,,
,,,,,,,,,,1,,,,,,,,,,,"Coins",15000,"Stone",4800,"Brick",2200,"Clay",4400,"Plank",1700,"Wood",3600,,,,,,,,,,,,,,,,,,,,,,,,,,,,,,,,,,,,,,,,,,,,,,,,,,,,,,,,,,,,,,,,,,,,,,,,,,,,,,,,,,,,,,,,,,,,,,,,,,,,,,,,,,,,,,,,,,,,,,,,,,,,,7,,,,,,,,,,,,,,,,,,,,,,,,,,,
,,,,,,,,,,1,,,,,,,,,,,"Coins",25000,"Stone",9000,"Brick",4100,"Clay",8000,"Plank",3200,"Wood",6600,,,,,,,,,,,,,,,,,,,,,,,,,,,,,,,,,,,,,,,,,,,,,,,,,,,,,,,,,,,,,,,,,,,,,,,,,,,,,,,,,,,,,,,,,,,,,,,,,,,,,,,,,,,,,,,,,,,,,,,,,,,,,8,,,,,,,,,,,,,,,,,,,,,,,,,,,
,,,,,,,,,,1,,,,,,,,,,,"Coins",31000,"Stone",12000,"Brick",4900,"Clay",10000,"Plank",3800,"Wood",8000,,,,,,,,,,,,,,,,,,,,,,,,,,,,,,,,,,,,,,,,,,,,,,,,,,,,,,,,,,,,,,,,,,,,,,,,,,,,,,,,,,,,,,,,,,,,,,,,,,,,,,,,,,,,,,,,,,,,,,,,,,,,,9,,,,,,,,,,,,,,,,,,,,,,,,,,,
,,,,,,,,,,1,,,,,,,,,,,"Coins",36000,"Stone",13000,"Brick",5500,"Clay",12000,"Plank",4300,"Wood",9000,,,,,,,,,,,,,,,,,,,,,,,,,,,,,,,,,,,,,,,,,,,,,,,,,,,,,,,,,,,,,,,,,,,,,,,,,,,,,,,,,,,,,,,,,,,,,,,,,,,,,,,,,,,,,,,,,,,,,,,,,,,,,10,,,,,,,,,,,,,,,,,,,,,,,,,,,
"LumberjackAcademy","TID_NATION_BUILDING_LUMBERJACK_ACADEMY","TID_INFO_TITLE_ACADEMY","TID_NATION_BUILDING_LUMBERJACK_ACADEMY_INFO",,1,"Guild",,,,1,"sc3d/bldn_guild_wood_cutter_geo.glb",,"sc3d/bldn_construction_geo.glb",,"sc3d/bldn_building_claim_geo.glb","sc3d/ui_base_valley_geo.glb","Academy",100,,,"Coins",2600,"Wood",960,"Clay",800,,,,,,,,,,,,24,24,,"false",,,,,,,,,,,,,,,,,,,,,,,,,,,,,,,,,,,,,,,,,,,,,,,,,,,,,,,,,,,,,,,,,"Student",,100,,,,,,,,,,,,,,"Generic Pick Up","Generic Placing",,,,,,,,,,,,,,,,,,"false",,,,,,,,,,,,,,,"Lumberjacking",1,,"Guild","button_profession_training_mini","button_profession_training_tab",,,"GuildMaster","pos_effect_fire_small","fire_small_effect",,"Nation_building_boost_generic",2000,249,93,"bg_image_valley_guilds_wood_cutting",840,-839,-23,500,,,"false",,0,,,"Valley_Tap_wodcutter"
,,,,,,,,,,1,,,,"sc3d/bldn_construction_upgrade_guilds_tree.glb",,,,,,,"Coins",3000,"Wood",1050,"Clay",870,,,,,,,,,,,,,,,,,,,,,,,,,,,,,,,,,,,,,,,,,,,,,,,,,,,,,,,,,,,,,,,,,,,,,,,,,,,,,,,,,,,,,,,,,,,,,,,,,,,,,,,,,,,,,,,,,,,,,,,,,,,,,,,,,,,2,,,,,,,,,,,,,,,,,,,,,,,,,,,
,,,,,,,,,,1,,,,,,,,,,,"Coins",4900,"Wood",1720,"Stone",1120,"Clay",1190,,,,,,,,,,,,,,,,,,,,,,,,,,,,,,,,,,,,,,,,,,,,,,,,,,,,,,,,,,,,,,,,,,,,,,,,,,,,,,,,,,,,,,,,,,,,,,,,,,,,,,,,,,,,,,,,,,,,,,,,,,,,,,,,,3,,,,,,,,,,,,,,,,,,,,,,,,,,,
,,,,,,,,,,1,,,,,,,,,,,"Coins",10000,"Wood",3800,"Stone",2700,"Clay",2700,,,,,,,,,,,,,,,,,,,,,,,,,,,,,,,,,,,,,,,,,,,,,,,,,,,,,,,,,,,,,,,,,,,,,,,,,,,,,,,,,,,,,,,,,,,,,,,,,,,,,,,,,,,,,,,,,,,,,,,,,,,,,,,,,4,,,,,,,,,,,,,,,,,,,,,,,,,,,
,,,,,,,,,,1,,,,,,,,,,,"Coins",11000,"Wood",4100,"Stone",2900,"Brick",1280,"Plank",1120,,,,,,,,,,,,,,,,,,,,,,,,,,,,,,,,,,,,,,,,,,,,,,,,,,,,,,,,,,,,,,,,,,,,,,,,,,,,,,,,,,,,,,,,,,,,,,,,,,,,,,,,,,,,,,,,,,,,,,,,,,,,,,,5,,,,,,,,,,,,,,,,,,,,,,,,,,,
,,,,,,,,,,1,,,,,,,,,,,"Coins",14000,"Wood",5700,"Stone",4100,"Brick",1820,"Plank",1600,,,,,,,,,,,,,,,,,,,,,,,,,,,,,,,,,,,,,,,,,,,,,,,,,,,,,,,,,,,,,,,,,,,,,,,,,,,,,,,,,,,,,,,,,,,,,,,,,,,,,,,,,,,,,,,,,,,,,,,,,,,,,,,6,,,,,,,,,,,,,,,,,,,,,,,,,,,
,,,,,,,,,,1,,,,,,,,,,,"Coins",18000,"Wood",8000,"Stone",5500,"Brick",2500,"Plank",2200,"Clay",4100,,,,,,,,,,,,,,,,,,,,,,,,,,,,,,,,,,,,,,,,,,,,,,,,,,,,,,,,,,,,,,,,,,,,,,,,,,,,,,,,,,,,,,,,,,,,,,,,,,,,,,,,,,,,,,,,,,,,,,,,,,,,,7,,,,,,,,,,,,,,,,,,,,,,,,,,,
,,,,,,,,,,1,,,,,,,,,,,"Coins",24000,"Brick",4300,"Wood",9000,"Stone",6900,"Plank",3000,"Clay",5700,,,,,,,,,,,,,,,,,,,,,,,,,,,,,,,,,,,,,,,,,,,,,,,,,,,,,,,,,,,,,,,,,,,,,,,,,,,,,,,,,,,,,,,,,,,,,,,,,,,,,,,,,,,,,,,,,,,,,,,,,,,,,8,,,,,,,,,,,,,,,,,,,,,,,,,,,
,,,,,,,,,,1,,,,,,,,,,,"Coins",31000,"Brick",5400,"Wood",12000,"Stone",10000,"Plank",3800,"Clay",8000,,,,,,,,,,,,,,,,,,,,,,,,,,,,,,,,,,,,,,,,,,,,,,,,,,,,,,,,,,,,,,,,,,,,,,,,,,,,,,,,,,,,,,,,,,,,,,,,,,,,,,,,,,,,,,,,,,,,,,,,,,,,,9,,,,,,,,,,,,,,,,,,,,,,,,,,,
,,,,,,,,,,1,,,,,,,,,,,"Coins",33000,"Brick",5700,"Wood",13000,"Stone",10000,"Plank",4000,"Clay",8000,,,,,,,,,,,,,,,,,,,,,,,,,,,,,,,,,,,,,,,,,,,,,,,,,,,,,,,,,,,,,,,,,,,,,,,,,,,,,,,,,,,,,,,,,,,,,,,,,,,,,,,,,,,,,,,,,,,,,,,,,,,,,10,,,,,,,,,,,,,,,,,,,,,,,,,,,
"NationHarbour","TID_NATION_BUILDING_NATION_HARBOUR","TID_INFO_TITLE_HARBOUR","TID_NATION_BUILDING_NATION_HARBOUR_INFO",,1,"Resource",,,,1,"sc3d/bldn_docks.glb",,"sc3d/bldn_construction_geo.glb",,"sc3d/bldn_building_claim_geo.glb","sc3d/ui_base_valley_geo.glb","Boathouse",100,,,,,,,,,,,,,,,,,,,,50,100,,"false",,,,,,,,,,,,,,,,,,,,,,,,,,,,,,,,,,,,,,,,,,,,,,,,,,,,,,,,,,,,,,,,,,,,,,,,,,,,,,,,,"Generic Pick Up","Generic Placing",,,,,,,,,,,,,,,,,,"false",,,,,,,,,,,,,,,,,,,,,,,"HarbourMaster",,,,"Nation_building_boost_generic",2000,446,209,,0,0,0,0,"Valley_Tap_Docks","true","false",,0,,,"Valley_Tap_docks"
"SheepPasture","TID_NATION_BUILDING_SHEEP_PASTURE","TID_INFO_TITLE_VALLEY_PRODUCTION","TID_NATION_BUILDING_SHEEP_PASTURE_INFO","TID_GREETING_SHEEP_PASTURE",1,"Resource",,,,1,"sc3d/bldn_sheep_pasture_geo.glb",,"sc3d/bldn_construction_fields_geo.glb",,"sc3d/bldn_building_claim_geo.glb","sc3d/ui_base_valley_geo.glb","Field_Sheep",100,,,,,,,,,,,,,,,,,,,1,24,24,,"false",,,,,,,,,,,,,,,,,,,,,,,,,,,,,,,,,,,,,,,,,,,,,,,,,,,,,,,,,,,,,,,,,"Shepherd",,100,,"Wool",7200,10,,,,,,,,,,"Generic Pick Up","Generic Placing",,,,,,,,,,,,,,,,,,"false",,,,,,,,,,,,,,,,,,"ProductionArea","button_wool_site_mini","button_wool_site_tab",,,"Shepherd",,,,"Nation_building_boost_generic",2000,416,0,"bg_image_valley_sheep_pasture",757,-909,-20,500,"Valley_Tap_Pasture","true","false",,0,,,"Valley_Tap_pasture"
"WheatField","TID_NATION_BUILDING_WHEAT_FIELD","TID_INFO_TITLE_VALLEY_PRODUCTION","TID_NATION_BUILDING_WHEAT_FIELD_INFO","TID_GREETING_WHEAT_FIELD",1,"Resource",,,,1,"sc3d/bldn_wheat_field_geo.glb",,"sc3d/bldn_construction_fields_geo.glb",,"sc3d/bldn_building_claim_geo.glb","sc3d/ui_base_valley_geo.glb","Field_Wheat",100,,,"Coins",200,"Wood",150,"Clay",100,,,,,,,,,,,1,24,24,,"false",,,,,,,,,,,,,,,,,,,,,,,,,,,,,,,,,,,,,,,,,,,,,,,,,,,,,,,,,,,,,,,,,"Wheatfarmer",,100,,"Wheat",21600,20,,,,,,,,,,"Generic Pick Up","Generic Placing",,,,,,,,,,,,,,,,,,"false",,,,,,,,,,,,,,,,,,"ProductionArea","button_wheat_field_mini","button_wheat_field_tab",,,"Farmers",,,,"Nation_building_boost_generic",2000,328,0,"bg_image_valley_wheat_field",751,-880,26,500,"Valley_Tap_Fields",,"false",,0,,,"Valley_Tap_fields"
"BoatSite1",,,"TID_NATION_CHALLENGE_SITE_INFO",,1,"BoatSite",,,,,,,,,,"sc3d/ui_base_valley_geo.glb","Boat",100,,,,,,,,,,,,,,,,,,,,10,10,,"false",,,,,,,,,,,,,,,,,,,,,,,,,,,,,,,,,,,,,,,,,,,,,,,,,,,,,,,,,,,,,,,,,,,,,,,,,,,,,,,,,,,,,,,,,,,,,,,,,,,,"false",,,,,,,,,,,,,,,,,,,,,,,"HarbourMaster",,,,,,0,0,,0,0,0,0,,,"false",,0,"TradePartner001_GlimmeringDales",,
"BoatSite2",,,"TID_NATION_CHALLENGE_SITE_INFO",,1,"BoatSite",,,,,,,,,,"sc3d/ui_base_valley_geo.glb","Boat",100,,,,,,,,,,,,,,,,,,,,10,10,,"false",,,,,,,,,,,,,,,,,,,,,,,,,,,,,,,,,,,,,,,,,,,,,,,,,,,,,,,,,,,,,,,,,,,,,,,,,,,,,,,,,,,,,,,,,,,,,,,,,,,,"false",,,,,,,,,,,,,,,,,,,,,,,"HarbourMaster",,,,,,0,0,,0,0,0,0,,,"false",,0,"TradePartner002_HighlandAcademy",,
"BoatSite3","TID_NATION_PREMIUM_BOAT_SITE","TID_INFO_TITLE_PREMIUM_BOAT_SITE","TID_NATION_PREMIUM_BOAT_SITE_INFO",,1,"BoatSite",,,,,"sc3d/bldn_ship_buoy_geo.glb",,,,,"sc3d/ui_base_valley_geo.glb","Buoy",100,,,,,,,,,,,,,,,,,,,,10,10,,"false",,,,,,,,,,,,,,,,,,,,,,,,,,,,,,,,,,,,,,,,,,,,,,,,,,,,,,,,,,,,,,,,,,,,,,,,,,,,,,,,,,,,,,,,,,,,,,,,,,,,"false",,,,,,,,,,,,,,,,,,,,,,,"HarbourMaster",,,,,,0,0,,0,0,0,0,,,"false",,0,,"true",
"ClaydiggerAcademy","TID_NATION_BUILDING_CLAYDIGGER_ACADEMY","TID_INFO_TITLE_ACADEMY","TID_NATION_BUILDING_CLAYDIGGER_ACADEMY_INFO",,1,"Guild",,,,1,"sc3d/bldn_guild_clay_master_geo.glb",,"sc3d/bldn_construction_geo.glb",,"sc3d/bldn_building_claim_geo.glb","sc3d/ui_base_valley_geo.glb","Academy",100,,,"Coins",4400,"Clay",1360,"Wood",1440,,,,,,,,,,,,24,24,,"false",,,,,,,,,,,,,,,,,,,,,,,,,,,,,,,,,,,,,,,,,,,,,,,,,,,,,,,,,,,,,,,,,"Student",,100,,,,,,,,,,,,,,"Generic Pick Up","Generic Placing",,,,,,,,,,,,,,,,,,"false",,,,,,,,,,,,,,,"Claydigging",1,,"Guild","button_profession_training_mini","button_profession_training_tab",,,"GuildMaster","pos_effect_fire_small","fire_small_effect",,"Nation_building_boost_generic",2000,318,57,"bg_image_valley_guilds_clay_digging",791,-825,-34,500,,,"false",,0,,,"Valley_Tap_clay_master"
,,,,,,,,,,1,,,,"sc3d/bldn_construction_upgrade_guilds_clay.glb",,,,,,,"Coins",4600,"Clay",1420,"Wood",1490,,,,,,,,,,,,,,,,,,,,,,,,,,,,,,,,,,,,,,,,,,,,,,,,,,,,,,,,,,,,,,,,,,,,,,,,,,,,,,,,,,,,,,,,,,,,,,,,,,,,,,,,,,,,,,,,,,,,,,,,,,,,,,,,,,,2,,,,,,,,,,,,,,,,,,,,,,,,,,,
,,,,,,,,,,1,,,,,,,,,,,"Coins",7000,"Clay",2300,"Stone",1810,"Wood",2100,,,,,,,,,,,,,,,,,,,,,,,,,,,,,,,,,,,,,,,,,,,,,,,,,,,,,,,,,,,,,,,,,,,,,,,,,,,,,,,,,,,,,,,,,,,,,,,,,,,,,,,,,,,,,,,,,,,,,,,,,,,,,,,,,3,,,,,,,,,,,,,,,,,,,,,,,,,,,
,,,,,,,,,,1,,,,,,,,,,,"Coins",9000,"Clay",3300,"Stone",2600,"Wood",3000,,,,,,,,,,,,,,,,,,,,,,,,,,,,,,,,,,,,,,,,,,,,,,,,,,,,,,,,,,,,,,,,,,,,,,,,,,,,,,,,,,,,,,,,,,,,,,,,,,,,,,,,,,,,,,,,,,,,,,,,,,,,,,,,,4,,,,,,,,,,,,,,,,,,,,,,,,,,,
,,,,,,,,,,1,,,,,,,,,,,"Coins",10000,"Clay",3500,"Brick",1390,"Stone",2500,"Plank",1080,,,,,,,,,,,,,,,,,,,,,,,,,,,,,,,,,,,,,,,,,,,,,,,,,,,,,,,,,,,,,,,,,,,,,,,,,,,,,,,,,,,,,,,,,,,,,,,,,,,,,,,,,,,,,,,,,,,,,,,,,,,,,,,5,,,,,,,,,,,,,,,,,,,,,,,,,,,
,,,,,,,,,,1,,,,,,,,,,,"Coins",13000,"Clay",4800,"Brick",1930,"Stone",3400,"Plank",1500,,,,,,,,,,,,,,,,,,,,,,,,,,,,,,,,,,,,,,,,,,,,,,,,,,,,,,,,,,,,,,,,,,,,,,,,,,,,,,,,,,,,,,,,,,,,,,,,,,,,,,,,,,,,,,,,,,,,,,,,,,,,,,,6,,,,,,,,,,,,,,,,,,,,,,,,,,,
,,,,,,,,,,1,,,,,,,,,,,"Coins",18000,"Clay",6800,"Brick",2800,"Stone",4900,"Plank",2200,"Wood",4500,,,,,,,,,,,,,,,,,,,,,,,,,,,,,,,,,,,,,,,,,,,,,,,,,,,,,,,,,,,,,,,,,,,,,,,,,,,,,,,,,,,,,,,,,,,,,,,,,,,,,,,,,,,,,,,,,,,,,,,,,,,,,7,,,,,,,,,,,,,,,,,,,,,,,,,,,
,,,,,,,,,,1,,,,,,,,,,,"Coins",25000,"Clay",10000,"Brick",4100,"Stone",7000,"Plank",3200,"Wood",6600,,,,,,,,,,,,,,,,,,,,,,,,,,,,,,,,,,,,,,,,,,,,,,,,,,,,,,,,,,,,,,,,,,,,,,,,,,,,,,,,,,,,,,,,,,,,,,,,,,,,,,,,,,,,,,,,,,,,,,,,,,,,,8,,,,,,,,,,,,,,,,,,,,,,,,,,,
,,,,,,,,,,1,,,,,,,,,,,"Coins",27000,"Clay",11000,"Brick",4400,"Stone",8000,"Plank",3400,"Wood",7000,,,,,,,,,,,,,,,,,,,,,,,,,,,,,,,,,,,,,,,,,,,,,,,,,,,,,,,,,,,,,,,,,,,,,,,,,,,,,,,,,,,,,,,,,,,,,,,,,,,,,,,,,,,,,,,,,,,,,,,,,,,,,9,,,,,,,,,,,,,,,,,,,,,,,,,,,
,,,,,,,,,,1,,,,,,,,,,,"Coins",33000,"Clay",14000,"Brick",5200,"Stone",10000,"Plank",4000,"Wood",9000,,,,,,,,,,,,,,,,,,,,,,,,,,,,,,,,,,,,,,,,,,,,,,,,,,,,,,,,,,,,,,,,,,,,,,,,,,,,,,,,,,,,,,,,,,,,,,,,,,,,,,,,,,,,,,,,,,,,,,,,,,,,,10,,,,,,,,,,,,,,,,,,,,,,,,,,,
"StonemasonAcademy","TID_NATION_BUILDING_STONEMASON_ACADEMY","TID_INFO_TITLE_ACADEMY","TID_NATION_BUILDING_STONEMASON_ACADEMY_INFO",,1,"Guild",,,,1,"sc3d/bldn_guild_stone_mason_geo.glb",,"sc3d/bldn_construction_geo.glb",,"sc3d/bldn_building_claim_geo.glb","sc3d/ui_base_valley_geo.glb","Academy",100,,,"Coins",4600,"Stone",1180,"Wood",1490,,,,,,,,,,,,24,24,,"false",,,,,,,,,,,,,,,,,,,,,,,,,,,,,,,,,,,,,,,,,,,,,,,,,,,,,,,,,,,,,,,,,"Student",,100,,,,,,,,,,,,,,"Generic Pick Up","Generic Placing",,,,,,,,,,,,,,,,,,"false",,,,,,,,,,,,,,,"Stonemasonry",1,,"Guild","button_profession_training_mini","button_profession_training_tab",,,"GuildMaster","pos_effect_fire_small","fire_small_effect",,"Nation_building_boost_generic",2000,273,0,"bg_image_valley_guilds_stone_cutting",770,-908,38,500,,,"false",,0,,,"Valley_Tap_stone_mason"
,,,,,,,,,,1,,,,"sc3d/bldn_construction_upgrade_guilds_stone.glb",,,,,,,"Coins",6600,"Stone",1860,"Wood",2200,,,,,,,,,,,,,,,,,,,,,,,,,,,,,,,,,,,,,,,,,,,,,,,,,,,,,,,,,,,,,,,,,,,,,,,,,,,,,,,,,,,,,,,,,,,,,,,,,,,,,,,,,,,,,,,,,,,,,,,,,,,,,,,,,,,2,,,,,,,,,,,,,,,,,,,,,,,,,,,
,,,,,,,,,,1,,,,,,,,,,,"Coins",6900,"Stone",1930,"Clay",2000,"Wood",2100,,,,,,,,,,,,,,,,,,,,,,,,,,,,,,,,,,,,,,,,,,,,,,,,,,,,,,,,,,,,,,,,,,,,,,,,,,,,,,,,,,,,,,,,,,,,,,,,,,,,,,,,,,,,,,,,,,,,,,,,,,,,,,,,,3,,,,,,,,,,,,,,,,,,,,,,,,,,,
,,,,,,,,,,1,,,,,,,,,,,"Coins",11000,"Stone",3200,"Brick",1430,"Wood",3300,,,,,,,,,,,,,,,,,,,,,,,,,,,,,,,,,,,,,,,,,,,,,,,,,,,,,,,,,,,,,,,,,,,,,,,,,,,,,,,,,,,,,,,,,,,,,,,,,,,,,,,,,,,,,,,,,,,,,,,,,,,,,,,,,4,,,,,,,,,,,,,,,,,,,,,,,,,,,
,,,,,,,,,,1,,,,,,,,,,,"Coins",12000,"Stone",3400,"Plank",1530,"Wood",3500,"Brick",1200,,,,,,,,,,,,,,,,,,,,,,,,,,,,,,,,,,,,,,,,,,,,,,,,,,,,,,,,,,,,,,,,,,,,,,,,,,,,,,,,,,,,,,,,,,,,,,,,,,,,,,,,,,,,,,,,,,,,,,,,,,,,,,,5,,,,,,,,,,,,,,,,,,,,,,,,,,,
,,,,,,,,,,1,,,,,,,,,,,"Coins",14000,"Stone",4500,"Plank",2000,"Wood",4500,"Brick",1600,,,,,,,,,,,,,,,,,,,,,,,,,,,,,,,,,,,,,,,,,,,,,,,,,,,,,,,,,,,,,,,,,,,,,,,,,,,,,,,,,,,,,,,,,,,,,,,,,,,,,,,,,,,,,,,,,,,,,,,,,,,,,,,6,,,,,,,,,,,,,,,,,,,,,,,,,,,
,,,,,,,,,,1,,,,,,,,,,,"Coins",19000,"Stone",6500,"Plank",2900,"Wood",6400,"Brick",2300,"Clay",4400,,,,,,,,,,,,,,,,,,,,,,,,,,,,,,,,,,,,,,,,,,,,,,,,,,,,,,,,,,,,,,,,,,,,,,,,,,,,,,,,,,,,,,,,,,,,,,,,,,,,,,,,,,,,,,,,,,,,,,,,,,,,,7,,,,,,,,,,,,,,,,,,,,,,,,,,,
,,,,,,,,,,1,,,,,,,,,,,"Coins",24000,"Stone",9000,"Plank",3900,"Wood",8000,"Brick",3000,"Clay",5700,,,,,,,,,,,,,,,,,,,,,,,,,,,,,,,,,,,,,,,,,,,,,,,,,,,,,,,,,,,,,,,,,,,,,,,,,,,,,,,,,,,,,,,,,,,,,,,,,,,,,,,,,,,,,,,,,,,,,,,,,,,,,8,,,,,,,,,,,,,,,,,,,,,,,,,,,
,,,,,,,,,,1,,,,,,,,,,,"Coins",31000,"Stone",12000,"Plank",4900,"Wood",11000,"Brick",3800,"Clay",8000,,,,,,,,,,,,,,,,,,,,,,,,,,,,,,,,,,,,,,,,,,,,,,,,,,,,,,,,,,,,,,,,,,,,,,,,,,,,,,,,,,,,,,,,,,,,,,,,,,,,,,,,,,,,,,,,,,,,,,,,,,,,,9,,,,,,,,,,,,,,,,,,,,,,,,,,,
,,,,,,,,,,1,,,,,,,,,,,"Coins",33000,"Stone",13000,"Plank",5200,"Wood",11000,"Brick",4000,"Clay",8000,,,,,,,,,,,,,,,,,,,,,,,,,,,,,,,,,,,,,,,,,,,,,,,,,,,,,,,,,,,,,,,,,,,,,,,,,,,,,,,,,,,,,,,,,,,,,,,,,,,,,,,,,,,,,,,,,,,,,,,,,,,,,10,,,,,,,,,,,,,,,,,,,,,,,,,,,
"FarmerAcademy","TID_NATION_BUILDING_FARMER_ACADEMY","TID_INFO_TITLE_ACADEMY","TID_NATION_BUILDING_FARMER_ACADEMY_INFO",,1,"Guild",,,,1,"sc3d/bldn_guild_farmer_geo.glb",,"sc3d/bldn_construction_geo.glb",,"sc3d/bldn_building_claim_geo.glb","sc3d/ui_base_valley_geo.glb","Academy",100,,,"Coins",2600,"Clay",880,"Wood",870,,,,,,,,,,,,24,24,,"false",,,,,,,,,,,,,,,,,,,,,,,,,,,,,,,,,,,,,,,,,,,,,,,,,,,,,,,,,,,,,,,,,"Student",,100,,,,,,,,,,,,,,"Generic Pick Up","Generic Placing",,,,,,,,,,,,,,,,,,"false",,,,,,,,,,,,,,,"Farming",1,,"Guild","button_profession_training_mini","button_profession_training_tab",,,"GuildMaster","pos_effect_fire_small","fire_small_effect",,"Nation_building_boost_generic",2000,221,19,"bg_image_valley_guilds_farming",787,-834,-18,530,,,"false",,0,,,"Valley_Tap_farm"
,,,,,,,,,,1,,,,"sc3d/bldn_construction_upgrade_guilds_farmer.glb",,,,,,,"Coins",2800,"Clay",920,"Wood",910,,,,,,,,,,,,,,,,,,,,,,,,,,,,,,,,,,,,,,,,,,,,,,,,,,,,,,,,,,,,,,,,,,,,,,,,,,,,,,,,,,,,,,,,,,,,,,,,,,,,,,,,,,,,,,,,,,,,,,,,,,,,,,,,,,,2,,,,,,,,,,,,,,,,,,,,,,,,,,,
,,,,,,,,,,1,,,,,,,,,,,"Coins",4600,"Wood",1660,"Clay",1280,"Stone",950,,,,,,,,,,,,,,,,,,,,,,,,,,,,,,,,,,,,,,,,,,,,,,,,,,,,,,,,,,,,,,,,,,,,,,,,,,,,,,,,,,,,,,,,,,,,,,,,,,,,,,,,,,,,,,,,,,,,,,,,,,,,,,,,,3,,,,,,,,,,,,,,,,,,,,,,,,,,,
,,,,,,,,,,1,,,,,,,,,,,"Coins",6900,"Wood",2600,"Clay",2000,"Stone",1540,,,,,,,,,,,,,,,,,,,,,,,,,,,,,,,,,,,,,,,,,,,,,,,,,,,,,,,,,,,,,,,,,,,,,,,,,,,,,,,,,,,,,,,,,,,,,,,,,,,,,,,,,,,,,,,,,,,,,,,,,,,,,,,,,4,,,,,,,,,,,,,,,,,,,,,,,,,,,
,,,,,,,,,,1,,,,,,,,,,,"Coins",8000,"Wood",2800,"Clay",2200,"Stone",1670,,,,,,,,,,,,,,,,,,,,,,,,,,,,,,,,,,,,,,,,,,,,,,,,,,,,,,,,,,,,,,,,,,,,,,,,,,,,,,,,,,,,,,,,,,,,,,,,,,,,,,,,,,,,,,,,,,,,,,,,,,,,,,,,,5,,,,,,,,,,,,,,,,,,,,,,,,,,,
,,,,,,,,,,1,,,,,,,,,,,"Coins",11000,"Plank",1640,"Clay",3400,"Brick",1320,"Wood",3000,,,,,,,,,,,,,,,,,,,,,,,,,,,,,,,,,,,,,,,,,,,,,,,,,,,,,,,,,,,,,,,,,,,,,,,,,,,,,,,,,,,,,,,,,,,,,,,,,,,,,,,,,,,,,,,,,,,,,,,,,,,,,,,6,,,,,,,,,,,,,,,,,,,,,,,,,,,
,,,,,,,,,,1,,,,,,,,,,,"Coins",18000,"Plank",3100,"Clay",6200,"Brick",2500,"Wood",5300,"Stone",3700,,,,,,,,,,,,,,,,,,,,,,,,,,,,,,,,,,,,,,,,,,,,,,,,,,,,,,,,,,,,,,,,,,,,,,,,,,,,,,,,,,,,,,,,,,,,,,,,,,,,,,,,,,,,,,,,,,,,,,,,,,,,,7,,,,,,,,,,,,,,,,,,,,,,,,,,,
,,,,,,,,,,1,,,,,,,,,,,"Coins",24000,"Plank",4300,"Clay",9000,"Brick",3500,"Wood",7000,"Stone",5200,,,,,,,,,,,,,,,,,,,,,,,,,,,,,,,,,,,,,,,,,,,,,,,,,,,,,,,,,,,,,,,,,,,,,,,,,,,,,,,,,,,,,,,,,,,,,,,,,,,,,,,,,,,,,,,,,,,,,,,,,,,,,8,,,,,,,,,,,,,,,,,,,,,,,,,,,
,,,,,,,,,,1,,,,,,,,,,,"Coins",27000,"Plank",4900,"Clay",10000,"Brick",3900,"Wood",8000,"Stone",5800,,,,,,,,,,,,,,,,,,,,,,,,,,,,,,,,,,,,,,,,,,,,,,,,,,,,,,,,,,,,,,,,,,,,,,,,,,,,,,,,,,,,,,,,,,,,,,,,,,,,,,,,,,,,,,,,,,,,,,,,,,,,,9,,,,,,,,,,,,,,,,,,,,,,,,,,,
,,,,,,,,,,1,,,,,,,,,,,"Coins",36000,"Plank",6100,"Clay",13000,"Brick",4900,"Wood",11000,"Stone",8000,,,,,,,,,,,,,,,,,,,,,,,,,,,,,,,,,,,,,,,,,,,,,,,,,,,,,,,,,,,,,,,,,,,,,,,,,,,,,,,,,,,,,,,,,,,,,,,,,,,,,,,,,,,,,,,,,,,,,,,,,,,,,10,,,,,,,,,,,,,,,,,,,,,,,,,,,
"NationBakery","TID_NATION_BUILDING_BAKERY","TID_INFO_TITLE_VALLEY_CRAFTING","TID_NATION_BUILDING_BAKERY_INFO",,1,"Resource",,,,1,"sc3d/bldn_bakery_lv1_geo.glb",,"sc3d/bldn_construction_geo.glb",,"sc3d/bldn_building_claim_geo.glb","sc3d/ui_base_valley_geo.glb","Windmill",100,,,"Coins",300,"Clay",200,"Wood",120,,,,,,,,,,,,24,24,,"false",,,,,,,,,,,,,,,,,,,,,,,,,,,,,,,,,,,,,,,,,,,,,,,,,,,,,,,,,,,,,,,,,"Student",,,,,,,,,,,,,,,,"Generic Pick Up","Generic Placing",,,,,,,,,,,,,,,,,,"false",,,,,,,,,,,,,,,,,,"ResourceCrafting","button_bakery_mini","button_bakery_tab",1,100,"Baker","pos_effect_chimney","ChimneySmoke",,"Nation_building_boost_generic",2000,214,124,,689,-652,23,500,"Valley_Tap_Baker",,"false",,0,,,"Valley_Tap_baker"
,,,,,,,,,,1,"sc3d/bldn_bakery_lv2_geo.glb",,,"sc3d/bldn_construction_upgrade_01_geo.glb",,,,,,,"Coins",1640,"Clay",610,"Stone",500,"Wood",540,,,,,,,,,,,,,,,,,,,,,,,,,,,,,,,,,,,,,,,,,,,,,,,,,,,,,,,,,,,,,,,,,,,,,,,,,,,,,,,,,,,,,,,,,,,,,,,,,,,,,,,,,,,,,,,,,,,,,,,,,,,,,,,,,,,,,,2,100,,,,,,,,,,,,,,,,,,,,,
,,,,,,,,,,1,"sc3d/bldn_bakery_lv3_geo.glb",,,,,,,,,,"Coins",8000,"Clay",2400,"Stone",1880,"Wood",2200,,,,,,,,,,,,,,,,,,,,,,,,,,,,,,,,,,,,,,,,,,,,,,,,,,,,,,,,,,,,,,,,,,,,,,,,,,,,,,,,,,,,,,,,,,,,,,,,,,,,,,,,,,,,,,,,,,,,,,,,,,,,,,,,,,,,,,3,100,,,,,,,,,,,,,,,,,,,,,
"NationTailor","TID_NATION_BUILDING_TAILOR","TID_INFO_TITLE_VALLEY_CRAFTING","TID_NATION_BUILDING_TAILOR_INFO",,1,"Resource",,,,1,"sc3d/bldn_tailor_lv1_geo.glb",,"sc3d/bldn_construction_geo.glb",,"sc3d/bldn_building_claim_geo.glb","sc3d/ui_base_valley_geo.glb","Academy",100,,,,,,,,,,,,,,,,,,,,24,24,,"false",,,,,,,,,,,,,,,,,,,,,,,,,,,,,,,,,,,,,,,,,,,,,,,,,,,,,,,,,,,,,,,,,"Student",,,,,,,,,,,,,,,,"Generic Pick Up","Generic Placing",,,,,,,,,,,,,,,,,,"false",,,,,,,,,,,,,,,,,,"ResourceCrafting","button_tailor_mini","button_tailor_tab",1,100,"Tailor",,,,"Nation_building_boost_generic",2000,271,173,,590,-862,-22,500,"Valley_Tap_Tailor",,"false",,0,,,"Valley_Tap_tailor"
,,,,,,,,,,1,"sc3d/bldn_tailor_lv2_geo.glb",,,"sc3d/bldn_construction_upgrade_01_geo.glb",,,,,,,"Coins",1320,"Clay",540,"Wood",540,,,,,,,,,,,,,,,,,,,,,,,,,,,,,,,,,,,,,,,,,,,,,,,,,,,,,,,,,,,,,,,,,,,,,,,,,,,,,,,,,,,,,,,,,,,,,,,,,,,,,,,,,,,,,,,,,,,,,,,,,,,,,,,,,,,,,,,,2,100,,,,,,,,,,,,,,,,,,,,,
,,,,,,,,,,1,"sc3d/bldn_tailor_lv3_geo.glb",,,,,,,,,,"Coins",10000,"Clay",3400,"Brick",1360,"Stone",2400,"Wood",2700,,,,,,,,,,,,,,,,,,,,,,,,,,,,,,,,,,,,,,,,,,,,,,,,,,,,,,,,,,,,,,,,,,,,,,,,,,,,,,,,,,,,,,,,,,,,,,,,,,,,,,,,,,,,,,,,,,,,,,,,,,,,,,,,,,,,3,100,,,,,,,,,,,,,,,,,,,,,
"NationPotionMaker","TID_NATION_BUILDING_POTION_MAKER","TID_INFO_TITLE_VALLEY_CRAFTING","TID_NATION_BUILDING_POTION_MAKER_INFO",,1,"Resource",,,,1,"sc3d/bldn_potions_house_lv1_geo.glb",,"sc3d/bldn_construction_geo.glb",,"sc3d/bldn_building_claim_geo.glb","sc3d/ui_base_valley_geo.glb","Academy",100,,,"Coins",580,"Clay",240,"Wood",240,,,,,,,,,,,,24,24,,"false",,,,,,,,,,,,,,,,,,,,,,,,,,,,,,,,,,,,,,,,,,,,,,,,,,,,,,,,,,,,,,,,,"Student",,,,,,,,,,,,,,,,"Generic Pick Up","Generic Placing",,,,,,,,,,,,,,,,,,"false",,,,,,,,,,,,,,,,,,"ToolCrafting","button_potion_maker_mini","button_potion_maker_tab",1,100,"PotionMaker","pos_effect_potion","PotionPot",,"Nation_building_boost_generic",2000,267,156,,706,-966,72,500,"Valley_Tap_Houseofpotions",,"false",,0,,,"Valley_Tap_houseofpotions"
,,,,,,,,,,1,"sc3d/bldn_potions_house_lv2_geo.glb",,,"sc3d/bldn_construction_upgrade_01_geo.glb",,,,,,,"Coins",3200,"Stone",960,"Clay",950,"Wood",920,,,,,,,,,,,,,,,,,,,,,,,,,,,,,,,,,,,,,,,,,,,,,,,,,,,,,,,,,,,,,,,,,,,,,,,,,,,,,,,,,,,,,,,,,,,,,,,,,,,,,,,,,,,,,,,,,,,,,,,,,,,,,,,,,,,,,,2,100,,,,,,,,,,,,,,,,,,,,,
,,,,,,,,,,1,"sc3d/bldn_potions_house_lv3_geo.glb",,,,,,,,,,"Coins",8000,"Stone",2300,"Clay",2400,"Wood",2400,,,,,,,,,,,,,,,,,,,,,,,,,,,,,,,,,,,,,,,,,,,,,,,,,,,,,,,,,,,,,,,,,,,,,,,,,,,,,,,,,,,,,,,,,,,,,,,,,,,,,,,,,,,,,,,,,,,,,,,,,,,,,,,,,,,,,,3,100,,,,,,,,,,,,,,,,,,,,,
"NationCannery","TID_NATION_BUILDING_CANNERY","TID_INFO_TITLE_VALLEY_CRAFTING","TID_NATION_BUILDING_CANNERY_INFO",,1,"Resource",,,,1,"sc3d/bldn_pottery_preserves_lv1_geo.glb",,"sc3d/bldn_construction_geo.glb",,"sc3d/bldn_building_claim_geo.glb","sc3d/ui_base_valley_geo.glb","Academy",100,,,"Coins",4500,"Clay",1410,"Stone",1160,"Wood",1230,,,,,,,,,,24,24,,"false",,,,,,,,,,,,,,,,,,,,,,,,,,,,,,,,,,,,,,,,,,,,,,,,,,,,,,,,,,,,,,,,,"Student",,,,,,,,,,,,,,,,"Generic Pick Up","Generic Placing",,,,,,,,,,,,,,,,,,"false",,,,,,,,,,,,,,,,,,"ResourceCrafting","button_food_cannery_mini","button_food_cannery_tab",1,100,"Preservist",,,,"Nation_building_boost_generic",2000,219,100,,668,-800,-9,500,"Valley_Tap_Preserves",,"false",,0,,,"Valley_Tap_preserves"
,,,,,,,,,,1,"sc3d/bldn_pottery_preserves_lv2_geo.glb",,,"sc3d/bldn_construction_upgrade_01_geo.glb",,,,,,,"Coins",7000,"Clay",2300,"Stone",1810,"Wood",2100,,,,,,,,,,,,,,,,,,,,,,,,,,,,,,,,,,,,,,,,,,,,,,,,,,,,,,,,,,,,,,,,,,,,,,,,,,,,,,,,,,,,,,,,,,,,,,,,,,,,,,,,,,,,,,,,,,,,,,,,,,,,,,,,,,,,,,2,100,,,,,,,,,,,,,,,,,,,,,
,,,,,,,,,,1,"sc3d/bldn_pottery_preserves_lv3_geo.glb",,,,,,,,,,"Coins",11000,"Brick",1600,"Clay",3300,"Stone",2600,"Wood",2900,,,,,,,,,,,,,,,,,,,,,,,,,,,,,,,,,,,,,,,,,,,,,,,,,,,,,,,,,,,,,,,,,,,,,,,,,,,,,,,,,,,,,,,,,,,,,,,,,,,,,,,,,,,,,,,,,,,,,,,,,,,,,,,,,,,,3,100,,,,,,,,,,,,,,,,,,,,,
"NationDyeShop","TID_NATION_BUILDING_DYESHOP","TID_INFO_TITLE_VALLEY_CRAFTING","TID_NATION_BUILDING_DYESHOP_INFO",,1,"Resource",,,,1,"sc3d/bldn_dye_shop_lv1_geo.glb",,"sc3d/bldn_construction_geo.glb",,"sc3d/bldn_building_claim_geo.glb","sc3d/ui_base_valley_geo.glb","Academy",100,,,"Coins",16000,"Brick",2300,"Stone",4100,"Plank",1850,"Wood",4100,"Clay",3200,,,,,,24,24,,"false",,,,,,,,,,,,,,,,,,,,,,,,,,,,,,,,,,,,,,,,,,,,,,,,,,,,,,,,,,,,,,,,,"Student",,,,,,,,,,,,,,,,"Generic Pick Up","Generic Placing",,,,,,,,,,,,,,,,,,"false",,,,,,,,,,,,,,,,,,"ResourceCrafting","button_potion_maker_mini","button_potion_maker_tab",1,100,"DyeMaker",,,,"Nation_building_boost_generic",2000,271,162,,692,-769,-90,500,"Valley_Tap_Dye_Shop",,"false",,0,,,"Valley_Tap_dye_shop"
,,,,,,,,,,1,"sc3d/bldn_dye_shop_lv2_geo.glb",,,"sc3d/bldn_construction_upgrade_01_geo.glb",,,,,,,"Coins",16000,"Brick",2500,"Stone",4600,"Plank",2000,"Wood",4400,"Clay",3400,,,,,,,,,,,,,,,,,,,,,,,,,,,,,,,,,,,,,,,,,,,,,,,,,,,,,,,,,,,,,,,,,,,,,,,,,,,,,,,,,,,,,,,,,,,,,,,,,,,,,,,,,,,,,,,,,,,,,,,,,,,,,,,,,,2,100,,,,,,,,,,,,,,,,,,,,,
,,,,,,,,,,1,"sc3d/bldn_dye_shop_lv3_geo.glb",,,,,,,,,,"Coins",20000,"Brick",3400,"Stone",6100,"Plank",2700,"Wood",5800,"Clay",4500,,,,,,,,,,,,,,,,,,,,,,,,,,,,,,,,,,,,,,,,,,,,,,,,,,,,,,,,,,,,,,,,,,,,,,,,,,,,,,,,,,,,,,,,,,,,,,,,,,,,,,,,,,,,,,,,,,,,,,,,,,,,,,,,,,3,100,,,,,,,,,,,,,,,,,,,,,
"NationToyWorkshop","TID_NATION_BUILDING_TOYWORKSHOP","TID_INFO_TITLE_VALLEY_CRAFTING","TID_NATION_BUILDING_TOYWORKSHOP_INFO",,1,"Resource",,,,1,"sc3d/bldn_toy_workshop_lv1_geo.glb",,"sc3d/bldn_construction_geo.glb",,"sc3d/bldn_building_claim_geo.glb","sc3d/ui_base_valley_geo.glb","Academy",100,,,"Coins",19000,"Plank",3100,"Clay",6300,"Wood",6200,"Stone",4300,"Brick",1860,,,,,,24,24,,"false",,,,,,,,,,,,,,,,,,,,,,,,,,,,,,,,,,,,,,,,,,,,,,,,,,,,,,,,,,,,,,,,,"Student",,,,,,,,,,,,,,,,"Generic Pick Up","Generic Placing",,,,,,,,,,,,,,,,,,"false",,,,,,,,,,,,,,,,,,"ResourceCrafting","button_toy_shop_mini","button_toy_shop_tab",1,100,"ToyMaker",,,,"Nation_building_boost_generic",2000,248,146,,742,-802,-22,500,"Valley_Tap_Toy_Workshop",,"false",,0,,,"Valley_Tap_toy_workshop"
,,,,,,,,,,1,"sc3d/bldn_toy_workshop_lv2_geo.glb",,,"sc3d/bldn_construction_upgrade_01_geo.glb",,,,,,,"Coins",20000,"Plank",3400,"Clay",6800,"Wood",6700,"Stone",4800,"Brick",2000,,,,,,,,,,,,,,,,,,,,,,,,,,,,,,,,,,,,,,,,,,,,,,,,,,,,,,,,,,,,,,,,,,,,,,,,,,,,,,,,,,,,,,,,,,,,,,,,,,,,,,,,,,,,,,,,,,,,,,,,,,,,,,,,,,2,100,,,,,,,,,,,,,,,,,,,,,
,,,,,,,,,,1,"sc3d/bldn_toy_workshop_lv3_geo.glb",,,,,,,,,,"Coins",21000,"Plank",3600,"Clay",7000,"Wood",7000,"Stone",5100,"Brick",2200,,,,,,,,,,,,,,,,,,,,,,,,,,,,,,,,,,,,,,,,,,,,,,,,,,,,,,,,,,,,,,,,,,,,,,,,,,,,,,,,,,,,,,,,,,,,,,,,,,,,,,,,,,,,,,,,,,,,,,,,,,,,,,,,,,3,100,,,,,,,,,,,,,,,,,,,,,
"NationFishingSpot","TID_NATION_BUILDING_FISHINGSPOT","TID_INFO_TITLE_VALLEY_PRODUCTION","TID_NATION_BUILDING_FISHINGSPOT_INFO","TID_GREETING_FISHING_SPOT",1,"Resource",,,,1,"sc3d/bldn_fishing_pond_geo.glb",,"sc3d/bldn_construction_sea_geo.glb",,"sc3d/bldn_building_claim_geo.glb","sc3d/ui_base_valley_geo.glb","Field_Fishing",100,,,"Coins",10000,"Stone",2800,"Wood",3400,"Clay",2700,,,,,,,,,,24,24,,"false",,,,,,,,,,,,,,,,,,,,,,,,,,,,,,,,,,,,,,,,,,,,,,,,,,,,,,,,,,,,,,,,,"Fisher",,100,,"Fish",32400,12,,,,,,,,,,"Generic Pick Up","Generic Placing",,,,,,,,,,,,,,,,,,"false",,,,,,,,,,,,,,,,,,"ProductionArea","button_fishing_site_mini","button_fishing_site_tab",,,"Fisher",,,,"Nation_building_boost_generic",2000,206,0,"bg_image_valley_fishing",-878,-2048,172,500,"Valley_Tap_Fish",,"false",,0,,,"Valley_Tap_fish"
"NationCottonField","TID_NATION_BUILDING_COTTONFIELD","TID_INFO_TITLE_VALLEY_PRODUCTION","TID_NATION_BUILDING_COTTONFIELD_INFO","TID_GREETING_COTTON_FIELD",1,"Resource",,,,1,"sc3d/bldn_cotton_geo.glb",,"sc3d/bldn_construction_fields_geo.glb",,"sc3d/bldn_building_claim_geo.glb","sc3d/ui_base_valley_geo.glb","Field_Cotton",100,,,"Coins",2400,"Wood",980,"Clay",800,,,,,,,,,,,,24,24,,"false",,,,,,,,,,,,,,,,,,,,,,,,,,,,,,,,,,,,,,,,,,,,,,,,,,,,,,,,,,,,,,,,,"Cottonfarmer",,100,,"Cotton",25200,20,,,,,,,,,,"Generic Pick Up","Generic Placing",,,,,,,,,,,,,,,,,,"false",,,,,,,,,,,,,,,,,,"ProductionArea","button_cotton_field_mini","button_cotton_field_tab",,,"Farmers",,,,"Nation_building_boost_generic",2000,433,0,"bg_image_valley_cotton_field",752,-670,76,500,"Valley_Tap_Cotton",,"false",,0,,,"Valley_Tap_cotton"
"NationIndigoField","TID_NATION_BUILDING_INDIGOFIELD","TID_INFO_TITLE_VALLEY_PRODUCTION","TID_NATION_BUILDING_INDIGOFIELD_INFO","TID_GREETING_INDIGO_FIELD",1,"Resource",,,,1,"sc3d/bldn_indigo_geo.glb",,"sc3d/bldn_construction_fields_geo.glb",,"sc3d/bldn_building_claim_geo.glb","sc3d/ui_base_valley_geo.glb","Field_Indigo",100,,,"Coins",18000,"Plank",2600,"Clay",5300,"Brick",2100,"Wood",4700,,,,,,,,24,24,,"false",,,,,,,,,,,,,,,,,,,,,,,,,,,,,,,,,,,,,,,,,,,,,,,,,,,,,,,,,,,,,,,,,"Indigofarmer",,100,,"Indigo",14400,12,,,,,,,,,,"Generic Pick Up","Generic Placing",,,,,,,,,,,,,,,,,,"false",,,,,,,,,,,,,,,,,,"ProductionArea","button_indigo_field_mini","button_indigo_field_tab",,,"Farmers",,,,"Nation_building_boost_generic",2000,331,0,"bg_image_valley_indigo_field",949,-542,44,500,"Valley_Tap_Indigo",,"false",,0,,,"Valley_Tap_indigo"
"NationSugarField","TID_NATION_BUILDING_SUGARFIELD","TID_INFO_TITLE_VALLEY_PRODUCTION","TID_NATION_BUILDING_SUGARFIELD_INFO","TID_GREETING_SUGAR_FIELD",1,"Resource",,,,1,"sc3d/bldn_sugar_geo.glb",,"sc3d/bldn_construction_fields_geo.glb",,"sc3d/bldn_building_claim_geo.glb","sc3d/ui_base_valley_geo.glb","Field_Sugar",100,,,"Coins",7000,"Stone",1880,"Clay",2000,"Wood",2100,,,,,,,,,,24,24,,"false",,,,,,,,,,,,,,,,,,,,,,,,,,,,,,,,,,,,,,,,,,,,,,,,,,,,,,,,,,,,,,,,,"Sugarfarmer",,100,,"Sugar",28800,16,,,,,,,,,,"Generic Pick Up","Generic Placing",,,,,,,,,,,,,,,,,,"false",,,,,,,,,,,,,,,,,,"ProductionArea","button_sugar_field_mini","button_sugar_field_tab",,,"Farmers",,,,"Nation_building_boost_generic",2000,360,0,"bg_image_valley_sugar_field",1062,-552,379,500,,,"false",,0,,,"Valley_Tap_sugar"
"NationSaltField","TID_NATION_BUILDING_SALTFIELD","TID_INFO_TITLE_VALLEY_PRODUCTION","TID_NATION_BUILDING_SALTFIELD_INFO","TID_GREETING_SALT_FIELD",1,"Resource",,,,1,"sc3d/bldn_salt_geo.glb",,"sc3d/bldn_construction_sea_geo.glb",,"sc3d/bldn_building_claim_geo.glb","sc3d/ui_base_valley_geo.glb","Field_Salt",100,,,"Coins",4600,"Clay",1470,"Wood",1450,"Stone",1080,,,,,,,,,,24,24,,"false",,,,,,,,,,,,,,,,,,,,,,,,,,,,,,,,,,,,,,,,,,,,,,,,,,,,,,,,,,,,,,,,,"Saltfarmer",,100,,"Salt",21600,18,,,,,,,,,,"Generic Pick Up","Generic Placing",,,,,,,,,,,,,,,,,,"false",,,,,,,,,,,,,,,,,,"ProductionArea","button_salt_field_mini","button_salt_field_tab",,,"Farmers",,,,"Nation_building_boost_generic",2000,234,0,"bg_image_valley_salt_field",232,0,-20,500,"Valley_Tap_Salt",,"false",,0,,,"Valley_Tap_salt"
"NationMonument01","TID_NATION_BUILDING_MONUMENT_01","TID_INFO_TITLE_MONUMENT","TID_NATION_BUILDING_MONUMENT_01_INFO",,1,"Resource",,,,1,"sc3d/bldn_wonder_lv1_geo.glb",,"sc3d/bldn_construction_geo.glb",,"sc3d/bldn_building_claim_geo.glb","sc3d/ui_base_valley_geo.glb","Windmill",100,,,"Coins",1660,"Stone",550,"Clay",550,"Wood",540,,,,,,,,,,24,24,,"false",,,,,,,,,,,,,,,,,,,,,,,,,,,,,,,,,,,,,,,,,,,,,,,,,,,,,,,,,,,,,,,,,,,,,,,,,,,,,,,,,,,,,,,,,,,,,,,,,,,,"false",,,,,,,,,,,,,,,,,,,,,,,,,,,,,263,84,,1001,-1468,6,500,"Valley_Tap_Wonder",,"false",,0,,,"Valley_Tap_wonder"
,,,,,,,,,,0,"sc3d/bldn_wonder_lv2_geo.glb",,,"sc3d/bldn_construction_wonder_upgrade_geo.glb",,,,,,,"Coins",1990,"Stone",660,"Wood",730,"Clay",590,,,,,,,,,,,,,,,,,,,,,,,,,,,,,,,,,,,,,,,,,,,,,,,,,,,,,,,,,,,,,,,,,,,,,,,,,,,,,,,,,,,,,,,,,,,,,,,,,,,,,,,,,,,,,,,,,,,,,,,,,,,,,,,,,,,,,,,,,,,,,,,,,,,,,,,,,,,,
,,,,,,,,,,0,"sc3d/bldn_wonder_lv3_geo.glb",,,,,,,,,,"Coins",2300,"Stone",770,"Clay",770,"Wood",760,,,,,,,,,,,,,,,,,,,,,,,,,,,,,,,,,,,,,,,,,,,,,,,,,,,,,,,,,,,,,,,,,,,,,,,,,,,,,,,,,,,,,,,,,,,,,,,,,,,,,,,,,,,,,,,,,,,,,,,,,,,,,,,,,,,,,,,,,,,,,,,,,,,,,,,,,,,,
,,,,,,,,,,0,"sc3d/bldn_wonder_lv4_geo.glb",,,,,,,,,,"Coins",2600,"Stone",880,"Wood",970,"Clay",790,,,,,,,,,,,,,,,,,,,,,,,,,,,,,,,,,,,,,,,,,,,,,,,,,,,,,,,,,,,,,,,,,,,,,,,,,,,,,,,,,,,,,,,,,,,,,,,,,,,,,,,,,,,,,,,,,,,,,,,,,,,,,,,,,,,,,,,,,,,,,,,,,,,,,,,,,,,,
,,,,,,,,,,0,"sc3d/bldn_wonder_lv5_geo.glb",,,,,,,,,,"Coins",3000,"Stone",990,"Clay",990,"Wood",980,,,,,,,,,,,,,,,,,,,,,,,,,,,,,,,,,,,,,,,,,,,,,,,,,,,,,,,,,,,,,,,,,,,,,,,,,,,,,,,,,,,,,,,,,,,,,,,,,,,,,,,,,,,,,,,,,,,,,,,,,,,,,,,,,,,,,,,,,,,,,,,,,,,,,,,,,,,,
,,,,,,,,,,0,"sc3d/bldn_wonder_lv6_geo.glb",,,,,,,,,,"Coins",3300,"Clay",1220,"Stone",990,"Wood",1080,,,,,,,,,,,,,,,,,,,,,,,,,,,,,,,,,,,,,,,,,,,,,,,,,,,,,,,,,,,,,,,,,,,,,,,,,,,,,,,,,,,,,,,,,,,,,,,,,,,,,,,,,,,,,,,,,,,,,,,,,,,,,,,,,,,,,,,,,,,,,,,,,,,,,,,,,,,,
,,,,,,,,,,0,"sc3d/bldn_wonder_lv7_geo.glb",,,,,,,,,,"Coins",3600,"Clay",1340,"Wood",1340,"Stone",980,,,,,,,,,,,,,,,,,,,,,,,,,,,,,,,,,,,,,,,,,,,,,,,,,,,,,,,,,,,,,,,,,,,,,,,,,,,,,,,,,,,,,,,,,,,,,,,,,,,,,,,,,,,,,,,,,,,,,,,,,,,,,,,,,,,,,,,,,,,,,,,,,,,,,,,,,,,,
,,,,,,,,,,0,"sc3d/bldn_wonder_lv8_geo.glb",,,,,,,,,,"Coins",4000,"Clay",1470,"Stone",1190,"Wood",1300,,,,,,,,,,,,,,,,,,,,,,,,,,,,,,,,,,,,,,,,,,,,,,,,,,,,,,,,,,,,,,,,,,,,,,,,,,,,,,,,,,,,,,,,,,,,,,,,,,,,,,,,,,,,,,,,,,,,,,,,,,,,,,,,,,,,,,,,,,,,,,,,,,,,,,,,,,,,
,,,,,,,,,,0,"sc3d/bldn_wonder_lv9_geo.glb",,,,,,,,,,"Coins",4600,"Wood",1880,"Stone",1390,"Clay",1380,,,,,,,,,,,,,,,,,,,,,,,,,,,,,,,,,,,,,,,,,,,,,,,,,,,,,,,,,,,,,,,,,,,,,,,,,,,,,,,,,,,,,,,,,,,,,,,,,,,,,,,,,,,,,,,,,,,,,,,,,,,,,,,,,,,,,,,,,,,,,,,,,,,,,,,,,,,,
,,,,,,,,,,0,"sc3d/bldn_wonder_lv10_geo.glb",,,,,,,,,,"Coins",5300,"Wood",2100,"Stone",1590,"Clay",1570,,,,,,,,,,,,,,,,,,,,,,,,,,,,,,,,,,,,,,,,,,,,,,,,,,,,,,,,,,,,,,,,,,,,,,,,,,,,,,,,,,,,,,,,,,,,,,,,,,,,,,,,,,,,,,,,,,,,,,,,,,,,,,,,,,,,,,,,,,,,,,,,,,,,,,,,,,,,
,,,,,,,,,,0,"sc3d/bldn_wonder_lv11_geo.glb",,,,,,,,,,"Coins",6000,"Stone",1980,"Clay",1980,"Wood",1950,,,,,,,,,,,,,,,,,,,,,,,,,,,,,,,,,,,,,,,,,,,,,,,,,,,,,,,,,,,,,,,,,,,,,,,,,,,,,,,,,,,,,,,,,,,,,,,,,,,,,,,,,,,,,,,,,,,,,,,,,,,,,,,,,,,,,,,,,,,,,,,,,,,,,,,,,,,,
,,,,,,,,,,0,"sc3d/bldn_wonder_lv12_geo.glb",,,,,,,,,,"Coins",6600,"Stone",2200,"Brick",1540,"Wood",2200,,,,,,,,,,,,,,,,,,,,,,,,,,,,,,,,,,,,,,,,,,,,,,,,,,,,,,,,,,,,,,,,,,,,,,,,,,,,,,,,,,,,,,,,,,,,,,,,,,,,,,,,,,,,,,,,,,,,,,,,,,,,,,,,,,,,,,,,,,,,,,,,,,,,,,,,,,,,
,,,,,,,,,,0,"sc3d/bldn_wonder_lv13_geo.glb",,,,,,,,,,"Coins",7000,"Stone",2400,"Clay",2400,"Wood",2400,"Brick",1330,,,,,,,,,,,,,,,,,,,,,,,,,,,,,,,,,,,,,,,,,,,,,,,,,,,,,,,,,,,,,,,,,,,,,,,,,,,,,,,,,,,,,,,,,,,,,,,,,,,,,,,,,,,,,,,,,,,,,,,,,,,,,,,,,,,,,,,,,,,,,,,,,,,,,,,,,,
,,,,,,,,,,0,"sc3d/bldn_wonder_lv14_geo.glb",,,,,,,,,,"Coins",8000,"Brick",2100,"Stone",2400,"Wood",2600,"Clay",2100,,,,,,,,,,,,,,,,,,,,,,,,,,,,,,,,,,,,,,,,,,,,,,,,,,,,,,,,,,,,,,,,,,,,,,,,,,,,,,,,,,,,,,,,,,,,,,,,,,,,,,,,,,,,,,,,,,,,,,,,,,,,,,,,,,,,,,,,,,,,,,,,,,,,,,,,,,
,,,,,,,,,,0,"sc3d/bldn_wonder_lv15_geo.glb",,,,,,,,,,"Coins",9000,"Clay",3200,"Brick",2000,"Stone",2300,"Wood",2500,,,,,,,,,,,,,,,,,,,,,,,,,,,,,,,,,,,,,,,,,,,,,,,,,,,,,,,,,,,,,,,,,,,,,,,,,,,,,,,,,,,,,,,,,,,,,,,,,,,,,,,,,,,,,,,,,,,,,,,,,,,,,,,,,,,,,,,,,,,,,,,,,,,,,,,,,,
,,,,,,,,,,0,"sc3d/bldn_wonder_lv16_geo.glb",,,,,,,,,,"Coins",9000,"Wood",3800,"Brick",2200,"Clay",2700,"Stone",2200,,,,,,,,,,,,,,,,,,,,,,,,,,,,,,,,,,,,,,,,,,,,,,,,,,,,,,,,,,,,,,,,,,,,,,,,,,,,,,,,,,,,,,,,,,,,,,,,,,,,,,,,,,,,,,,,,,,,,,,,,,,,,,,,,,,,,,,,,,,,,,,,,,,,,,,,,,
,,,,,,,,,,0,"sc3d/bldn_wonder_lv17_geo.glb",,,,,,,,,,"Coins",10000,"Stone",3300,"Clay",3300,"Brick",2100,"Wood",2800,,,,,,,,,,,,,,,,,,,,,,,,,,,,,,,,,,,,,,,,,,,,,,,,,,,,,,,,,,,,,,,,,,,,,,,,,,,,,,,,,,,,,,,,,,,,,,,,,,,,,,,,,,,,,,,,,,,,,,,,,,,,,,,,,,,,,,,,,,,,,,,,,,,,,,,,,,
,,,,,,,,,,0,"sc3d/bldn_wonder_lv18_geo.glb",,,,,,,,,,"Coins",11000,"Brick",2800,"Stone",3200,"Clay",3200,"Wood",3100,,,,,,,,,,,,,,,,,,,,,,,,,,,,,,,,,,,,,,,,,,,,,,,,,,,,,,,,,,,,,,,,,,,,,,,,,,,,,,,,,,,,,,,,,,,,,,,,,,,,,,,,,,,,,,,,,,,,,,,,,,,,,,,,,,,,,,,,,,,,,,,,,,,,,,,,,,
,,,,,,,,,,0,"sc3d/bldn_wonder_lv19_geo.glb",,,,,,,,,,"Coins",12000,"Brick",3000,"Wood",4200,"Stone",3100,"Clay",3000,,,,,,,,,,,,,,,,,,,,,,,,,,,,,,,,,,,,,,,,,,,,,,,,,,,,,,,,,,,,,,,,,,,,,,,,,,,,,,,,,,,,,,,,,,,,,,,,,,,,,,,,,,,,,,,,,,,,,,,,,,,,,,,,,,,,,,,,,,,,,,,,,,,,,,,,,,
,,,,,,,,,,0,"sc3d/bldn_wonder_lv20_geo.glb",,,,,,,,,,"Coins",12000,"Brick",3200,"Stone",3700,"Clay",3700,"Wood",3600,"Plank",1950,,,,,,,,,,,,,,,,,,,,,,,,,,,,,,,,,,,,,,,,,,,,,,,,,,,,,,,,,,,,,,,,,,,,,,,,,,,,,,,,,,,,,,,,,,,,,,,,,,,,,,,,,,,,,,,,,,,,,,,,,,,,,,,,,,,,,,,,,,,,,,,,,,,,,,,,
,,,,,,,,,,0,,,,,,,,,,,"Coins",13000,"Wood",5400,"Clay",4400,"Stone",3500,"Brick",2400,"Plank",2100,,,,,,,,,,,,,,,,,,,,,,,,,,,,,,,,,,,,,,,,,,,,,,,,,,,,,,,,,,,,,,,,,,,,,,,,,,,,,,,,,,,,,,,,,,,,,,,,,,,,,,,,,,,,,,,,,,,,,,,,,,,,,,,,,,,,,,,,,,,,,,,,,,,,,,,,
,,,,,,,,,,0,,,,,,,,,,,"Coins",14000,"Stone",4700,"Brick",3300,"Plank",2900,"Wood",4000,"Clay",3100,,,,,,,,,,,,,,,,,,,,,,,,,,,,,,,,,,,,,,,,,,,,,,,,,,,,,,,,,,,,,,,,,,,,,,,,,,,,,,,,,,,,,,,,,,,,,,,,,,,,,,,,,,,,,,,,,,,,,,,,,,,,,,,,,,,,,,,,,,,,,,,,,,,,,,,,
,,,,,,,,,,0,,,,,,,,,,,"Coins",15000,"Clay",5500,"Stone",4500,"Brick",3100,"Plank",2700,"Wood",3700,,,,,,,,,,,,,,,,,,,,,,,,,,,,,,,,,,,,,,,,,,,,,,,,,,,,,,,,,,,,,,,,,,,,,,,,,,,,,,,,,,,,,,,,,,,,,,,,,,,,,,,,,,,,,,,,,,,,,,,,,,,,,,,,,,,,,,,,,,,,,,,,,,,,,,,,
,,,,,,,,,,0,,,,,,,,,,,"Coins",16000,"Plank",4100,"Wood",5800,"Clay",4700,"Stone",3700,"Brick",2500,,,,,,,,,,,,,,,,,,,,,,,,,,,,,,,,,,,,,,,,,,,,,,,,,,,,,,,,,,,,,,,,,,,,,,,,,,,,,,,,,,,,,,,,,,,,,,,,,,,,,,,,,,,,,,,,,,,,,,,,,,,,,,,,,,,,,,,,,,,,,,,,,,,,,,,,
,,,,,,,,,,0,,,,,,,,,,,"Coins",17000,"Brick",4300,"Plank",3900,"Wood",5400,"Clay",4300,"Stone",3300,,,,,,,,,,,,,,,,,,,,,,,,,,,,,,,,,,,,,,,,,,,,,,,,,,,,,,,,,,,,,,,,,,,,,,,,,,,,,,,,,,,,,,,,,,,,,,,,,,,,,,,,,,,,,,,,,,,,,,,,,,,,,,,,,,,,,,,,,,,,,,,,,,,,,,,,
,,,,,,,,,,0,,,,,,,,,,,"Coins",17000,"Clay",6400,"Stone",5200,"Brick",3600,"Plank",3200,"Wood",4300,,,,,,,,,,,,,,,,,,,,,,,,,,,,,,,,,,,,,,,,,,,,,,,,,,,,,,,,,,,,,,,,,,,,,,,,,,,,,,,,,,,,,,,,,,,,,,,,,,,,,,,,,,,,,,,,,,,,,,,,,,,,,,,,,,,,,,,,,,,,,,,,,,,,,,,,
,,,,,,,,,,0,,,,,,,,,,,"Coins",18000,"Stone",6000,"Brick",4200,"Plank",3800,"Wood",5200,"Clay",4100,,,,,,,,,,,,,,,,,,,,,,,,,,,,,,,,,,,,,,,,,,,,,,,,,,,,,,,,,,,,,,,,,,,,,,,,,,,,,,,,,,,,,,,,,,,,,,,,,,,,,,,,,,,,,,,,,,,,,,,,,,,,,,,,,,,,,,,,,,,,,,,,,,,,,,,,
,,,,,,,,,,0,,,,,,,,,,,"Coins",19000,"Clay",7000,"Stone",5700,"Brick",3900,"Plank",3500,"Wood",4700,,,,,,,,,,,,,,,,,,,,,,,,,,,,,,,,,,,,,,,,,,,,,,,,,,,,,,,,,,,,,,,,,,,,,,,,,,,,,,,,,,,,,,,,,,,,,,,,,,,,,,,,,,,,,,,,,,,,,,,,,,,,,,,,,,,,,,,,,,,,,,,,,,,,,,,,
,,,,,,,,,,0,,,,,,,,,,,"Coins",20000,"Plank",5100,"Wood",7000,"Clay",5900,"Stone",4600,"Brick",3100,,,,,,,,,,,,,,,,,,,,,,,,,,,,,,,,,,,,,,,,,,,,,,,,,,,,,,,,,,,,,,,,,,,,,,,,,,,,,,,,,,,,,,,,,,,,,,,,,,,,,,,,,,,,,,,,,,,,,,,,,,,,,,,,,,,,,,,,,,,,,,,,,,,,,,,,
,,,,,,,,,,0,,,,,,,,,,,"Coins",21000,"Wood",8000,"Clay",6900,"Stone",5500,"Brick",3800,"Plank",3200,,,,,,,,,,,,,,,,,,,,,,,,,,,,,,,,,,,,,,,,,,,,,,,,,,,,,,,,,,,,,,,,,,,,,,,,,,,,,,,,,,,,,,,,,,,,,,,,,,,,,,,,,,,,,,,,,,,,,,,,,,,,,,,,,,,,,,,,,,,,,,,,,,,,,,,,
,,,,,,,,,,0,,,,,,,,,,,"Coins",21000,"Clay",8000,"Stone",6400,"Brick",4500,"Plank",3900,"Wood",5300,,,,,,,,,,,,,,,,,,,,,,,,,,,,,,,,,,,,,,,,,,,,,,,,,,,,,,,,,,,,,,,,,,,,,,,,,,,,,,,,,,,,,,,,,,,,,,,,,,,,,,,,,,,,,,,,,,,,,,,,,,,,,,,,,,,,,,,,,,,,,,,,,,,,,,,,
,,,,,,,,,,0,,,,,,,,,,,"Coins",22000,"Stone",7000,"Brick",5200,"Plank",4600,"Wood",6400,"Clay",5000,,,,,,,,,,,,,,,,,,,,,,,,,,,,,,,,,,,,,,,,,,,,,,,,,,,,,,,,,,,,,,,,,,,,,,,,,,,,,,,,,,,,,,,,,,,,,,,,,,,,,,,,,,,,,,,,,,,,,,,,,,,,,,,,,,,,,,,,,,,,,,,,,,,,,,,,
,,,,,,,,,,0,,,,,,,,,,,"Coins",23000,"Brick",6000,"Plank",5400,"Wood",8000,"Clay",6000,"Stone",4700,,,,,,,,,,,,,,,,,,,,,,,,,,,,,,,,,,,,,,,,,,,,,,,,,,,,,,,,,,,,,,,,,,,,,,,,,,,,,,,,,,,,,,,,,,,,,,,,,,,,,,,,,,,,,,,,,,,,,,,,,,,,,,,,,,,,,,,,,,,,,,,,,,,,,,,,
,,,,,,,,,,0,,,,,,,,,,,"Coins",24000,"Clay",9000,"Stone",7000,"Brick",5000,"Plank",4400,"Wood",5900,,,,,,,,,,,,,,,,,,,,,,,,,,,,,,,,,,,,,,,,,,,,,,,,,,,,,,,,,,,,,,,,,,,,,,,,,,,,,,,,,,,,,,,,,,,,,,,,,,,,,,,,,,,,,,,,,,,,,,,,,,,,,,,,,,,,,,,,,,,,,,,,,,,,,,,,
,,,,,,,,,,0,,,,,,,,,,,"Coins",25000,"Stone",8000,"Brick",5800,"Plank",5100,"Wood",7000,"Clay",5600,,,,,,,,,,,,,,,,,,,,,,,,,,,,,,,,,,,,,,,,,,,,,,,,,,,,,,,,,,,,,,,,,,,,,,,,,,,,,,,,,,,,,,,,,,,,,,,,,,,,,,,,,,,,,,,,,,,,,,,,,,,,,,,,,,,,,,,,,,,,,,,,,,,,,,,,
,,,,,,,,,,0,,,,,,,,,,,"Coins",26000,"Clay",9000,"Stone",8000,"Brick",5300,"Plank",4700,"Wood",6300,,,,,,,,,,,,,,,,,,,,,,,,,,,,,,,,,,,,,,,,,,,,,,,,,,,,,,,,,,,,,,,,,,,,,,,,,,,,,,,,,,,,,,,,,,,,,,,,,,,,,,,,,,,,,,,,,,,,,,,,,,,,,,,,,,,,,,,,,,,,,,,,,,,,,,,,
,,,,,,,,,,0,,,,,,,,,,,"Coins",26000,"Plank",6800,"Wood",10000,"Clay",8000,"Stone",6200,"Brick",4100,,,,,,,,,,,,,,,,,,,,,,,,,,,,,,,,,,,,,,,,,,,,,,,,,,,,,,,,,,,,,,,,,,,,,,,,,,,,,,,,,,,,,,,,,,,,,,,,,,,,,,,,,,,,,,,,,,,,,,,,,,,,,,,,,,,,,,,,,,,,,,,,,,,,,,,,
,,,,,,,,,,0,,,,,,,,,,,"Coins",27000,"Brick",7000,"Plank",6400,"Wood",9000,"Clay",7000,"Stone",5500,,,,,,,,,,,,,,,,,,,,,,,,,,,,,,,,,,,,,,,,,,,,,,,,,,,,,,,,,,,,,,,,,,,,,,,,,,,,,,,,,,,,,,,,,,,,,,,,,,,,,,,,,,,,,,,,,,,,,,,,,,,,,,,,,,,,,,,,,,,,,,,,,,,,,,,,
,,,,,,,,,,0,,,,,,,,,,,"Coins",28000,"Stone",9000,"Brick",6500,"Plank",5800,"Wood",8000,"Clay",6300,,,,,,,,,,,,,,,,,,,,,,,,,,,,,,,,,,,,,,,,,,,,,,,,,,,,,,,,,,,,,,,,,,,,,,,,,,,,,,,,,,,,,,,,,,,,,,,,,,,,,,,,,,,,,,,,,,,,,,,,,,,,,,,,,,,,,,,,,,,,,,,,,,,,,,,,
,,,,,,,,,,0,,,,,,,,,,,"Coins",29000,"Stone",10000,"Brick",6700,"Plank",6000,"Wood",8000,"Clay",6500,,,,,,,,,,,,,,,,,,,,,,,,,,,,,,,,,,,,,,,,,,,,,,,,,,,,,,,,,,,,,,,,,,,,,,,,,,,,,,,,,,,,,,,,,,,,,,,,,,,,,,,,,,,,,,,,,,,,,,,,,,,,,,,,,,,,,,,,,,,,,,,,,,,,,,,,
,,,,,,,,,,0,,,,,,,,,,,"Coins",30000,"Stone",10000,"Brick",6900,"Plank",6200,"Wood",9000,"Clay",6700,,,,,,,,,,,,,,,,,,,,,,,,,,,,,,,,,,,,,,,,,,,,,,,,,,,,,,,,,,,,,,,,,,,,,,,,,,,,,,,,,,,,,,,,,,,,,,,,,,,,,,,,,,,,,,,,,,,,,,,,,,,,,,,,,,,,,,,,,,,,,,,,,,,,,,,,
,,,,,,,,,,0,,,,,,,,,,,"Coins",31000,"Brick",8000,"Plank",7000,"Wood",10000,"Clay",8000,"Stone",6200,,,,,,,,,,,,,,,,,,,,,,,,,,,,,,,,,,,,,,,,,,,,,,,,,,,,,,,,,,,,,,,,,,,,,,,,,,,,,,,,,,,,,,,,,,,,,,,,,,,,,,,,,,,,,,,,,,,,,,,,,,,,,,,,,,,,,,,,,,,,,,,,,,,,,,,,
,,,,,,,,,,0,,,,,,,,,,,"Coins",31000,"Wood",13000,"Clay",10000,"Stone",8000,"Brick",5700,"Plank",4900,,,,,,,,,,,,,,,,,,,,,,,,,,,,,,,,,,,,,,,,,,,,,,,,,,,,,,,,,,,,,,,,,,,,,,,,,,,,,,,,,,,,,,,,,,,,,,,,,,,,,,,,,,,,,,,,,,,,,,,,,,,,,,,,,,,,,,,,,,,,,,,,,,,,,,,,
,,,,,,,,,,0,,,,,,,,,,,"Coins",32000,"Brick",8000,"Plank",8000,"Wood",11000,"Clay",8000,"Stone",6500,,,,,,,,,,,,,,,,,,,,,,,,,,,,,,,,,,,,,,,,,,,,,,,,,,,,,,,,,,,,,,,,,,,,,,,,,,,,,,,,,,,,,,,,,,,,,,,,,,,,,,,,,,,,,,,,,,,,,,,,,,,,,,,,,,,,,,,,,,,,,,,,,,,,,,,,
,,,,,,,,,,0,,,,,,,,,,,"Coins",33000,"Clay",12000,"Stone",10000,"Brick",6900,"Plank",6000,"Wood",8000,,,,,,,,,,,,,,,,,,,,,,,,,,,,,,,,,,,,,,,,,,,,,,,,,,,,,,,,,,,,,,,,,,,,,,,,,,,,,,,,,,,,,,,,,,,,,,,,,,,,,,,,,,,,,,,,,,,,,,,,,,,,,,,,,,,,,,,,,,,,,,,,,,,,,,,,
,,,,,,,,,,0,,,,,,,,,,,"Coins",34000,"Stone",11000,"Brick",8000,"Plank",7000,"Wood",10000,"Clay",8000,,,,,,,,,,,,,,,,,,,,,,,,,,,,,,,,,,,,,,,,,,,,,,,,,,,,,,,,,,,,,,,,,,,,,,,,,,,,,,,,,,,,,,,,,,,,,,,,,,,,,,,,,,,,,,,,,,,,,,,,,,,,,,,,,,,,,,,,,,,,,,,,,,,,,,,,
,,,,,,,,,,0,,,,,,,,,,,"Coins",35000,"Stone",12000,"Brick",8000,"Plank",7000,"Wood",10000,"Clay",8000,,,,,,,,,,,,,,,,,,,,,,,,,,,,,,,,,,,,,,,,,,,,,,,,,,,,,,,,,,,,,,,,,,,,,,,,,,,,,,,,,,,,,,,,,,,,,,,,,,,,,,,,,,,,,,,,,,,,,,,,,,,,,,,,,,,,,,,,,,,,,,,,,,,,,,,,
,,,,,,,,,,0,,,,,,,,,,,"Coins",36000,"Wood",14000,"Clay",12000,"Stone",9000,"Brick",6500,"Plank",5600,,,,,,,,,,,,,,,,,,,,,,,,,,,,,,,,,,,,,,,,,,,,,,,,,,,,,,,,,,,,,,,,,,,,,,,,,,,,,,,,,,,,,,,,,,,,,,,,,,,,,,,,,,,,,,,,,,,,,,,,,,,,,,,,,,,,,,,,,,,,,,,,,,,,,,,,
,,,,,,,,,,0,,,,,,,,,,,"Coins",36000,"Stone",12000,"Brick",8000,"Plank",8000,"Wood",10000,"Clay",8000,,,,,,,,,,,,,,,,,,,,,,,,,,,,,,,,,,,,,,,,,,,,,,,,,,,,,,,,,,,,,,,,,,,,,,,,,,,,,,,,,,,,,,,,,,,,,,,,,,,,,,,,,,,,,,,,,,,,,,,,,,,,,,,,,,,,,,,,,,,,,,,,,,,,,,,,
,,,,,,,,,,0,,,,,,,,,,,"Coins",37000,"Brick",10000,"Plank",9000,"Wood",12000,"Clay",10000,"Stone",7000,,,,,,,,,,,,,,,,,,,,,,,,,,,,,,,,,,,,,,,,,,,,,,,,,,,,,,,,,,,,,,,,,,,,,,,,,,,,,,,,,,,,,,,,,,,,,,,,,,,,,,,,,,,,,,,,,,,,,,,,,,,,,,,,,,,,,,,,,,,,,,,,,,,,,,,,
,,,,,,,,,,0,,,,,,,,,,,"Coins",38000,"Plank",10000,"Wood",14000,"Clay",11000,"Stone",9000,"Brick",6000,,,,,,,,,,,,,,,,,,,,,,,,,,,,,,,,,,,,,,,,,,,,,,,,,,,,,,,,,,,,,,,,,,,,,,,,,,,,,,,,,,,,,,,,,,,,,,,,,,,,,,,,,,,,,,,,,,,,,,,,,,,,,,,,,,,,,,,,,,,,,,,,,,,,,,,,
,,,,,,,,,,0,,,,,,,,,,,"Coins",39000,"Clay",14000,"Stone",12000,"Brick",8000,"Plank",7000,"Wood",10000,,,,,,,,,,,,,,,,,,,,,,,,,,,,,,,,,,,,,,,,,,,,,,,,,,,,,,,,,,,,,,,,,,,,,,,,,,,,,,,,,,,,,,,,,,,,,,,,,,,,,,,,,,,,,,,,,,,,,,,,,,,,,,,,,,,,,,,,,,,,,,,,,,,,,,,,
,,,,,,,,,,0,,,,,,,,,,,"Coins",40000,"Stone",13000,"Brick",9000,"Plank",8000,"Wood",11000,"Clay",9000,,,,,,,,,,,,,,,,,,,,,,,,,,,,,,,,,,,,,,,,,,,,,,,,,,,,,,,,,,,,,,,,,,,,,,,,,,,,,,,,,,,,,,,,,,,,,,,,,,,,,,,,,,,,,,,,,,,,,,,,,,,,,,,,,,,,,,,,,,,,,,,,,,,,,,,,
,,,,,,,,,,0,,,,,,,,,,,"Coins",41000,"Wood",16000,"Clay",13000,"Stone",11000,"Brick",7000,"Plank",6400,,,,,,,,,,,,,,,,,,,,,,,,,,,,,,,,,,,,,,,,,,,,,,,,,,,,,,,,,,,,,,,,,,,,,,,,,,,,,,,,,,,,,,,,,,,,,,,,,,,,,,,,,,,,,,,,,,,,,,,,,,,,,,,,,,,,,,,,,,,,,,,,,,,,,,,,
,,,,,,,,,,0,,,,,,,,,,,"Coins",41000,"Wood",17000,"Clay",14000,"Stone",11000,"Brick",8000,"Plank",6500,,,,,,,,,,,,,,,,,,,,,,,,,,,,,,,,,,,,,,,,,,,,,,,,,,,,,,,,,,,,,,,,,,,,,,,,,,,,,,,,,,,,,,,,,,,,,,,,,,,,,,,,,,,,,,,,,,,,,,,,,,,,,,,,,,,,,,,,,,,,,,,,,,,,,,,,
,,,,,,,,,,0,,,,,,,,,,,"Coins",42000,"Clay",16000,"Stone",13000,"Brick",9000,"Plank",8000,"Wood",10000,,,,,,,,,,,,,,,,,,,,,,,,,,,,,,,,,,,,,,,,,,,,,,,,,,,,,,,,,,,,,,,,,,,,,,,,,,,,,,,,,,,,,,,,,,,,,,,,,,,,,,,,,,,,,,,,,,,,,,,,,,,,,,,,,,,,,,,,,,,,,,,,,,,,,,,,
,,,,,,,,,,0,,,,,,,,,,,"Coins",43000,"Wood",18000,"Clay",14000,"Stone",12000,"Brick",8000,"Plank",6800,,,,,,,,,,,,,,,,,,,,,,,,,,,,,,,,,,,,,,,,,,,,,,,,,,,,,,,,,,,,,,,,,,,,,,,,,,,,,,,,,,,,,,,,,,,,,,,,,,,,,,,,,,,,,,,,,,,,,,,,,,,,,,,,,,,,,,,,,,,,,,,,,,,,,,,,
,,,,,,,,,,0,,,,,,,,,,,"Coins",44000,"Brick",11000,"Plank",10000,"Wood",15000,"Clay",12000,"Stone",9000,,,,,,,,,,,,,,,,,,,,,,,,,,,,,,,,,,,,,,,,,,,,,,,,,,,,,,,,,,,,,,,,,,,,,,,,,,,,,,,,,,,,,,,,,,,,,,,,,,,,,,,,,,,,,,,,,,,,,,,,,,,,,,,,,,,,,,,,,,,,,,,,,,,,,,,,
,,,,,,,,,,0,,,,,,,,,,,"Coins",45000,"Stone",15000,"Brick",11000,"Plank",9000,"Wood",13000,"Clay",10000,,,,,,,,,,,,,,,,,,,,,,,,,,,,,,,,,,,,,,,,,,,,,,,,,,,,,,,,,,,,,,,,,,,,,,,,,,,,,,,,,,,,,,,,,,,,,,,,,,,,,,,,,,,,,,,,,,,,,,,,,,,,,,,,,,,,,,,,,,,,,,,,,,,,,,,,
,,,,,,,,,,0,,,,,,,,,,,"Coins",46000,"Stone",15000,"Brick",11000,"Plank",10000,"Wood",13000,"Clay",10000,,,,,,,,,,,,,,,,,,,,,,,,,,,,,,,,,,,,,,,,,,,,,,,,,,,,,,,,,,,,,,,,,,,,,,,,,,,,,,,,,,,,,,,,,,,,,,,,,,,,,,,,,,,,,,,,,,,,,,,,,,,,,,,,,,,,,,,,,,,,,,,,,,,,,,,,
,,,,,,,,,,0,,,,,,,,,,,"Coins",47000,"Plank",12000,"Wood",17000,"Clay",14000,"Stone",11000,"Brick",7000,,,,,,,,,,,,,,,,,,,,,,,,,,,,,,,,,,,,,,,,,,,,,,,,,,,,,,,,,,,,,,,,,,,,,,,,,,,,,,,,,,,,,,,,,,,,,,,,,,,,,,,,,,,,,,,,,,,,,,,,,,,,,,,,,,,,,,,,,,,,,,,,,,,,,,,,
,,,,,,,,,,0,,,,,,,,,,,"Coins",48000,"Stone",16000,"Brick",11000,"Plank",10000,"Wood",14000,"Clay",11000,,,,,,,,,,,,,,,,,,,,,,,,,,,,,,,,,,,,,,,,,,,,,,,,,,,,,,,,,,,,,,,,,,,,,,,,,,,,,,,,,,,,,,,,,,,,,,,,,,,,,,,,,,,,,,,,,,,,,,,,,,,,,,,,,,,,,,,,,,,,,,,,,,,,,,,,
,,,,,,,,,,0,,,,,,,,,,,"Coins",49000,"Clay",18000,"Stone",15000,"Brick",10000,"Plank",9000,"Wood",12000,,,,,,,,,,,,,,,,,,,,,,,,,,,,,,,,,,,,,,,,,,,,,,,,,,,,,,,,,,,,,,,,,,,,,,,,,,,,,,,,,,,,,,,,,,,,,,,,,,,,,,,,,,,,,,,,,,,,,,,,,,,,,,,,,,,,,,,,,,,,,,,,,,,,,,,,
,,,,,,,,,,0,,,,,,,,,,,"Coins",50000,"Plank",13000,"Wood",18000,"Clay",15000,"Stone",12000,"Brick",8000,,,,,,,,,,,,,,,,,,,,,,,,,,,,,,,,,,,,,,,,,,,,,,,,,,,,,,,,,,,,,,,,,,,,,,,,,,,,,,,,,,,,,,,,,,,,,,,,,,,,,,,,,,,,,,,,,,,,,,,,,,,,,,,,,,,,,,,,,,,,,,,,,,,,,,,,
,,,,,,,,,,0,,,,,,,,,,,"Coins",51000,"Stone",17000,"Brick",12000,"Plank",11000,"Wood",15000,"Clay",12000,,,,,,,,,,,,,,,,,,,,,,,,,,,,,,,,,,,,,,,,,,,,,,,,,,,,,,,,,,,,,,,,,,,,,,,,,,,,,,,,,,,,,,,,,,,,,,,,,,,,,,,,,,,,,,,,,,,,,,,,,,,,,,,,,,,,,,,,,,,,,,,,,,,,,,,,
,,,,,,,,,,0,,,,,,,,,,,"Coins",52000,"Wood",21000,"Clay",17000,"Stone",14000,"Brick",10000,"Plank",8000,,,,,,,,,,,,,,,,,,,,,,,,,,,,,,,,,,,,,,,,,,,,,,,,,,,,,,,,,,,,,,,,,,,,,,,,,,,,,,,,,,,,,,,,,,,,,,,,,,,,,,,,,,,,,,,,,,,,,,,,,,,,,,,,,,,,,,,,,,,,,,,,,,,,,,,,
,,,,,,,,,,0,,,,,,,,,,,"Coins",53000,"Brick",14000,"Plank",12000,"Wood",17000,"Clay",14000,"Stone",11000,,,,,,,,,,,,,,,,,,,,,,,,,,,,,,,,,,,,,,,,,,,,,,,,,,,,,,,,,,,,,,,,,,,,,,,,,,,,,,,,,,,,,,,,,,,,,,,,,,,,,,,,,,,,,,,,,,,,,,,,,,,,,,,,,,,,,,,,,,,,,,,,,,,,,,,,
,,,,,,,,,,0,,,,,,,,,,,"Coins",54000,"Plank",14000,"Wood",20000,"Clay",16000,"Stone",13000,"Brick",9000,,,,,,,,,,,,,,,,,,,,,,,,,,,,,,,,,,,,,,,,,,,,,,,,,,,,,,,,,,,,,,,,,,,,,,,,,,,,,,,,,,,,,,,,,,,,,,,,,,,,,,,,,,,,,,,,,,,,,,,,,,,,,,,,,,,,,,,,,,,,,,,,,,,,,,,,
,,,,,,,,,,0,,,,,,,,,,,"Coins",55000,"Stone",18000,"Brick",13000,"Plank",11000,"Wood",16000,"Clay",12000,,,,,,,,,,,,,,,,,,,,,,,,,,,,,,,,,,,,,,,,,,,,,,,,,,,,,,,,,,,,,,,,,,,,,,,,,,,,,,,,,,,,,,,,,,,,,,,,,,,,,,,,,,,,,,,,,,,,,,,,,,,,,,,,,,,,,,,,,,,,,,,,,,,,,,,,
,,,,,,,,,,0,,,,,,,,,,,"Coins",56000,"Stone",19000,"Brick",13000,"Plank",12000,"Wood",16000,"Clay",13000,,,,,,,,,,,,,,,,,,,,,,,,,,,,,,,,,,,,,,,,,,,,,,,,,,,,,,,,,,,,,,,,,,,,,,,,,,,,,,,,,,,,,,,,,,,,,,,,,,,,,,,,,,,,,,,,,,,,,,,,,,,,,,,,,,,,,,,,,,,,,,,,,,,,,,,,
,,,,,,,,,,0,,,,,,,,,,,"Coins",57000,"Stone",19000,"Brick",13000,"Plank",12000,"Wood",16000,"Clay",13000,,,,,,,,,,,,,,,,,,,,,,,,,,,,,,,,,,,,,,,,,,,,,,,,,,,,,,,,,,,,,,,,,,,,,,,,,,,,,,,,,,,,,,,,,,,,,,,,,,,,,,,,,,,,,,,,,,,,,,,,,,,,,,,,,,,,,,,,,,,,,,,,,,,,,,,,
,,,,,,,,,,0,,,,,,,,,,,"Coins",58000,"Stone",19000,"Brick",14000,"Plank",12000,"Wood",17000,"Clay",13000,,,,,,,,,,,,,,,,,,,,,,,,,,,,,,,,,,,,,,,,,,,,,,,,,,,,,,,,,,,,,,,,,,,,,,,,,,,,,,,,,,,,,,,,,,,,,,,,,,,,,,,,,,,,,,,,,,,,,,,,,,,,,,,,,,,,,,,,,,,,,,,,,,,,,,,,
,,,,,,,,,,0,,,,,,,,,,,"Coins",59000,"Brick",15000,"Plank",14000,"Wood",19000,"Clay",15000,"Stone",12000,,,,,,,,,,,,,,,,,,,,,,,,,,,,,,,,,,,,,,,,,,,,,,,,,,,,,,,,,,,,,,,,,,,,,,,,,,,,,,,,,,,,,,,,,,,,,,,,,,,,,,,,,,,,,,,,,,,,,,,,,,,,,,,,,,,,,,,,,,,,,,,,,,,,,,,,
,,,,,,,,,,0,,,,,,,,,,,"Coins",60000,"Plank",16000,"Wood",22000,"Clay",18000,"Stone",14000,"Brick",9000,,,,,,,,,,,,,,,,,,,,,,,,,,,,,,,,,,,,,,,,,,,,,,,,,,,,,,,,,,,,,,,,,,,,,,,,,,,,,,,,,,,,,,,,,,,,,,,,,,,,,,,,,,,,,,,,,,,,,,,,,,,,,,,,,,,,,,,,,,,,,,,,,,,,,,,,
,,,,,,,,,,0,,,,,,,,,,,"Coins",61000,"Wood",25000,"Clay",20000,"Stone",16000,"Brick",11000,"Plank",10000,,,,,,,,,,,,,,,,,,,,,,,,,,,,,,,,,,,,,,,,,,,,,,,,,,,,,,,,,,,,,,,,,,,,,,,,,,,,,,,,,,,,,,,,,,,,,,,,,,,,,,,,,,,,,,,,,,,,,,,,,,,,,,,,,,,,,,,,,,,,,,,,,,,,,,,,
,,,,,,,,,,0,,,,,,,,,,,"Coins",62000,"Stone",21000,"Brick",15000,"Plank",13000,"Wood",18000,"Clay",14000,,,,,,,,,,,,,,,,,,,,,,,,,,,,,,,,,,,,,,,,,,,,,,,,,,,,,,,,,,,,,,,,,,,,,,,,,,,,,,,,,,,,,,,,,,,,,,,,,,,,,,,,,,,,,,,,,,,,,,,,,,,,,,,,,,,,,,,,,,,,,,,,,,,,,,,,
,,,,,,,,,,0,,,,,,,,,,,"Coins",63000,"Clay",23000,"Stone",19000,"Brick",13000,"Plank",12000,"Wood",16000,,,,,,,,,,,,,,,,,,,,,,,,,,,,,,,,,,,,,,,,,,,,,,,,,,,,,,,,,,,,,,,,,,,,,,,,,,,,,,,,,,,,,,,,,,,,,,,,,,,,,,,,,,,,,,,,,,,,,,,,,,,,,,,,,,,,,,,,,,,,,,,,,,,,,,,,
,,,,,,,,,,0,,,,,,,,,,,"Coins",64000,"Clay",24000,"Stone",19000,"Brick",13000,"Plank",12000,"Wood",16000,,,,,,,,,,,,,,,,,,,,,,,,,,,,,,,,,,,,,,,,,,,,,,,,,,,,,,,,,,,,,,,,,,,,,,,,,,,,,,,,,,,,,,,,,,,,,,,,,,,,,,,,,,,,,,,,,,,,,,,,,,,,,,,,,,,,,,,,,,,,,,,,,,,,,,,,
,,,,,,,,,,0,,,,,,,,,,,"Coins",65000,"Brick",17000,"Plank",15000,"Wood",21000,"Clay",17000,"Stone",13000,,,,,,,,,,,,,,,,,,,,,,,,,,,,,,,,,,,,,,,,,,,,,,,,,,,,,,,,,,,,,,,,,,,,,,,,,,,,,,,,,,,,,,,,,,,,,,,,,,,,,,,,,,,,,,,,,,,,,,,,,,,,,,,,,,,,,,,,,,,,,,,,,,,,,,,,
,,,,,,,,,,0,,,,,,,,,,,"Coins",66000,"Plank",17000,"Wood",24000,"Clay",20000,"Stone",16000,"Brick",10000,,,,,,,,,,,,,,,,,,,,,,,,,,,,,,,,,,,,,,,,,,,,,,,,,,,,,,,,,,,,,,,,,,,,,,,,,,,,,,,,,,,,,,,,,,,,,,,,,,,,,,,,,,,,,,,,,,,,,,,,,,,,,,,,,,,,,,,,,,,,,,,,,,,,,,,,
,,,,,,,,,,0,,,,,,,,,,,"Coins",67000,"Clay",25000,"Stone",20000,"Brick",14000,"Plank",12000,"Wood",17000,,,,,,,,,,,,,,,,,,,,,,,,,,,,,,,,,,,,,,,,,,,,,,,,,,,,,,,,,,,,,,,,,,,,,,,,,,,,,,,,,,,,,,,,,,,,,,,,,,,,,,,,,,,,,,,,,,,,,,,,,,,,,,,,,,,,,,,,,,,,,,,,,,,,,,,,
,,,,,,,,,,0,,,,,,,,,,,"Coins",68000,"Brick",18000,"Plank",16000,"Wood",22000,"Clay",18000,"Stone",14000,,,,,,,,,,,,,,,,,,,,,,,,,,,,,,,,,,,,,,,,,,,,,,,,,,,,,,,,,,,,,,,,,,,,,,,,,,,,,,,,,,,,,,,,,,,,,,,,,,,,,,,,,,,,,,,,,,,,,,,,,,,,,,,,,,,,,,,,,,,,,,,,,,,,,,,,
,,,,,,,,,,0,,,,,,,,,,,"Coins",69000,"Plank",18000,"Wood",25000,"Clay",21000,"Stone",16000,"Brick",11000,,,,,,,,,,,,,,,,,,,,,,,,,,,,,,,,,,,,,,,,,,,,,,,,,,,,,,,,,,,,,,,,,,,,,,,,,,,,,,,,,,,,,,,,,,,,,,,,,,,,,,,,,,,,,,,,,,,,,,,,,,,,,,,,,,,,,,,,,,,,,,,,,,,,,,,,
,,,,,,,,,,0,,,,,,,,,,,"Coins",70000,"Wood",28000,"Clay",23000,"Stone",19000,"Brick",13000,"Plank",11000,,,,,,,,,,,,,,,,,,,,,,,,,,,,,,,,,,,,,,,,,,,,,,,,,,,,,,,,,,,,,,,,,,,,,,,,,,,,,,,,,,,,,,,,,,,,,,,,,,,,,,,,,,,,,,,,,,,,,,,,,,,,,,,,,,,,,,,,,,,,,,,,,,,,,,,,
,,,,,,,,,,0,,,,,,,,,,,"Coins",71000,"Brick",18000,"Plank",17000,"Wood",23000,"Clay",19000,"Stone",14000,,,,,,,,,,,,,,,,,,,,,,,,,,,,,,,,,,,,,,,,,,,,,,,,,,,,,,,,,,,,,,,,,,,,,,,,,,,,,,,,,,,,,,,,,,,,,,,,,,,,,,,,,,,,,,,,,,,,,,,,,,,,,,,,,,,,,,,,,,,,,,,,,,,,,,,,
,,,,,,,,,,0,,,,,,,,,,,"Coins",72000,"Wood",29000,"Clay",24000,"Stone",19000,"Brick",13000,"Plank",11000,,,,,,,,,,,,,,,,,,,,,,,,,,,,,,,,,,,,,,,,,,,,,,,,,,,,,,,,,,,,,,,,,,,,,,,,,,,,,,,,,,,,,,,,,,,,,,,,,,,,,,,,,,,,,,,,,,,,,,,,,,,,,,,,,,,,,,,,,,,,,,,,,,,,,,,,
,,,,,,,,,,0,,,,,,,,,,,"Coins",73000,"Clay",27000,"Stone",22000,"Brick",15000,"Plank",13000,"Wood",18000,,,,,,,,,,,,,,,,,,,,,,,,,,,,,,,,,,,,,,,,,,,,,,,,,,,,,,,,,,,,,,,,,,,,,,,,,,,,,,,,,,,,,,,,,,,,,,,,,,,,,,,,,,,,,,,,,,,,,,,,,,,,,,,,,,,,,,,,,,,,,,,,,,,,,,,,
,,,,,,,,,,0,,,,,,,,,,,"Coins",74000,"Brick",19000,"Plank",17000,"Wood",24000,"Clay",19000,"Stone",15000,,,,,,,,,,,,,,,,,,,,,,,,,,,,,,,,,,,,,,,,,,,,,,,,,,,,,,,,,,,,,,,,,,,,,,,,,,,,,,,,,,,,,,,,,,,,,,,,,,,,,,,,,,,,,,,,,,,,,,,,,,,,,,,,,,,,,,,,,,,,,,,,,,,,,,,,
,,,,,,,,,,0,,,,,,,,,,,"Coins",75000,"Plank",19000,"Wood",28000,"Clay",22000,"Stone",18000,"Brick",12000,,,,,,,,,,,,,,,,,,,,,,,,,,,,,,,,,,,,,,,,,,,,,,,,,,,,,,,,,,,,,,,,,,,,,,,,,,,,,,,,,,,,,,,,,,,,,,,,,,,,,,,,,,,,,,,,,,,,,,,,,,,,,,,,,,,,,,,,,,,,,,,,,,,,,,,,
,,,,,,,,,,0,,,,,,,,,,,"Coins",76000,"Clay",28000,"Stone",23000,"Brick",16000,"Plank",14000,"Wood",19000,,,,,,,,,,,,,,,,,,,,,,,,,,,,,,,,,,,,,,,,,,,,,,,,,,,,,,,,,,,,,,,,,,,,,,,,,,,,,,,,,,,,,,,,,,,,,,,,,,,,,,,,,,,,,,,,,,,,,,,,,,,,,,,,,,,,,,,,,,,,,,,,,,,,,,,,
,,,,,,,,,,0,,,,,,,,,,,"Coins",77000,"Stone",26000,"Brick",18000,"Plank",16000,"Wood",22000,"Clay",17000,,,,,,,,,,,,,,,,,,,,,,,,,,,,,,,,,,,,,,,,,,,,,,,,,,,,,,,,,,,,,,,,,,,,,,,,,,,,,,,,,,,,,,,,,,,,,,,,,,,,,,,,,,,,,,,,,,,,,,,,,,,,,,,,,,,,,,,,,,,,,,,,,,,,,,,,
,,,,,,,,,,0,,,,,,,,,,,"Coins",78000,"Wood",32000,"Clay",26000,"Stone",21000,"Brick",14000,"Plank",12000,,,,,,,,,,,,,,,,,,,,,,,,,,,,,,,,,,,,,,,,,,,,,,,,,,,,,,,,,,,,,,,,,,,,,,,,,,,,,,,,,,,,,,,,,,,,,,,,,,,,,,,,,,,,,,,,,,,,,,,,,,,,,,,,,,,,,,,,,,,,,,,,,,,,,,,,
,,,,,,,,,,0,,,,,,,,,,,"Coins",79000,"Clay",29000,"Stone",24000,"Brick",16000,"Plank",14000,"Wood",20000,,,,,,,,,,,,,,,,,,,,,,,,,,,,,,,,,,,,,,,,,,,,,,,,,,,,,,,,,,,,,,,,,,,,,,,,,,,,,,,,,,,,,,,,,,,,,,,,,,,,,,,,,,,,,,,,,,,,,,,,,,,,,,,,,,,,,,,,,,,,,,,,,,,,,,,,
,,,,,,,,,,0,,,,,,,,,,,"Coins",80000,"Wood",32000,"Clay",27000,"Stone",21000,"Brick",15000,"Plank",13000,,,,,,,,,,,,,,,,,,,,,,,,,,,,,,,,,,,,,,,,,,,,,,,,,,,,,,,,,,,,,,,,,,,,,,,,,,,,,,,,,,,,,,,,,,,,,,,,,,,,,,,,,,,,,,,,,,,,,,,,,,,,,,,,,,,,,,,,,,,,,,,,,,,,,,,,
,,,,,,,,,,0,,,,,,,,,,,"Coins",81000,"Clay",30000,"Stone",24000,"Brick",17000,"Plank",15000,"Wood",20000,,,,,,,,,,,,,,,,,,,,,,,,,,,,,,,,,,,,,,,,,,,,,,,,,,,,,,,,,,,,,,,,,,,,,,,,,,,,,,,,,,,,,,,,,,,,,,,,,,,,,,,,,,,,,,,,,,,,,,,,,,,,,,,,,,,,,,,,,,,,,,,,,,,,,,,,
,,,,,,,,,,0,,,,,,,,,,,"Coins",82000,"Clay",30000,"Stone",25000,"Brick",17000,"Plank",15000,"Wood",20000,,,,,,,,,,,,,,,,,,,,,,,,,,,,,,,,,,,,,,,,,,,,,,,,,,,,,,,,,,,,,,,,,,,,,,,,,,,,,,,,,,,,,,,,,,,,,,,,,,,,,,,,,,,,,,,,,,,,,,,,,,,,,,,,,,,,,,,,,,,,,,,,,,,,,,,,
,,,,,,,,,,0,,,,,,,,,,,"Coins",83000,"Stone",28000,"Brick",19000,"Plank",17000,"Wood",24000,"Clay",19000,,,,,,,,,,,,,,,,,,,,,,,,,,,,,,,,,,,,,,,,,,,,,,,,,,,,,,,,,,,,,,,,,,,,,,,,,,,,,,,,,,,,,,,,,,,,,,,,,,,,,,,,,,,,,,,,,,,,,,,,,,,,,,,,,,,,,,,,,,,,,,,,,,,,,,,,
,,,,,,,,,,0,,,,,,,,,,,"Coins",84000,"Brick",22000,"Plank",20000,"Wood",27000,"Clay",22000,"Stone",17000,,,,,,,,,,,,,,,,,,,,,,,,,,,,,,,,,,,,,,,,,,,,,,,,,,,,,,,,,,,,,,,,,,,,,,,,,,,,,,,,,,,,,,,,,,,,,,,,,,,,,,,,,,,,,,,,,,,,,,,,,,,,,,,,,,,,,,,,,,,,,,,,,,,,,,,,
,,,,,,,,,,0,,,,,,,,,,,"Coins",85000,"Stone",28000,"Brick",20000,"Plank",18000,"Wood",24000,"Clay",19000,,,,,,,,,,,,,,,,,,,,,,,,,,,,,,,,,,,,,,,,,,,,,,,,,,,,,,,,,,,,,,,,,,,,,,,,,,,,,,,,,,,,,,,,,,,,,,,,,,,,,,,,,,,,,,,,,,,,,,,,,,,,,,,,,,,,,,,,,,,,,,,,,,,,,,,,
,,,,,,,,,,0,,,,,,,,,,,"Coins",86000,"Brick",22000,"Plank",20000,"Wood",28000,"Clay",22000,"Stone",17000,,,,,,,,,,,,,,,,,,,,,,,,,,,,,,,,,,,,,,,,,,,,,,,,,,,,,,,,,,,,,,,,,,,,,,,,,,,,,,,,,,,,,,,,,,,,,,,,,,,,,,,,,,,,,,,,,,,,,,,,,,,,,,,,,,,,,,,,,,,,,,,,,,,,,,,,
"ChallengeSiteCoast","TID_NATION_CHALLENGE_SITE",,"TID_NATION_CHALLENGE_SITE_INFO",,1,"ChallengeSite",,,,,,,,,,"sc3d/ui_base_valley_geo.glb","Boat",100,,,,,,,,,,,,,,,,,,,,10,10,,"false",,,,,,,,,,,,,,,,,,,,,,,,,,,,,,,,,,,,,,,,,,,,,,,,,,,,,,,,,,,,,,,,,,,,,,,,,,,,,,,,,,,,,,,,,,,,,,,,,,,,"false",,,,,,,,,,,,,,,,,,,,,,,,,,,,,0,0,,0,0,0,0,,,"false",,0,,,
"ChallengeSiteBuilding","TID_NATION_CHALLENGE_SITE",,"TID_NATION_CHALLENGE_SITE_INFO",,1,"ChallengeSite",,,,,,,,,,"sc3d/ui_base_valley_geo.glb","Boat",100,,,,,,,,,,,,,,,,,,,,10,10,,"false",,,,,,,,,,,,,,,,,,,,,,,,,,,,,,,,,,,,,,,,,,,,,,,,,,,,,,,,,,,,,,,,,,,,,,,,,,,,,,,,,,,,,,,,,,,,,,,,,,,,"false",,,,,,,,,,,,,,,,,,,,,,,,,,,,,0,0,,0,0,0,0,,,"false",,0,,,
"ChallengeSiteLocation","TID_NATION_CHALLENGE_SITE",,"TID_NATION_CHALLENGE_SITE_INFO",,1,"ChallengeSite",,,,,,,,,,"sc3d/ui_base_valley_geo.glb","Boat",100,,,,,,,,,,,,,,,,,,,,10,10,,"false",,,,,,,,,,,,,,,,,,,,,,,,,,,,,,,,,,,,,,,,,,,,,,,,,,,,,,,,,,,,,,,,,,,,,,,,,,,,,,,,,,,,,,,,,,,,,,,,,,,,"false",,,,,,,,,,,,,,,,,,,,,,,,,,,,,0,0,,0,0,0,0,,,"false",,0,,,
